1669185242175157248,0.00536,0.03111,0.02878,0.66885,-0.74086,-0.00951,0.06060,0.00578,0.00797,-0.02129,
1669185242275070464,0.00166,0.02459,0.02824,0.66841,-0.74158,-0.00359,0.05716,0.00635,0.00190,0.02424,
1669185242374982400,0.00196,0.02558,0.03191,0.67722,-0.73355,0.00206,0.05723,-0.01608,0.02371,0.01863,
1669185242474895360,0.00010,0.02683,0.03262,0.67703,-0.73361,0.00019,0.05873,-0.04097,0.08552,-0.02531,
1669185242574807296,-0.00406,0.03032,0.03265,0.67121,-0.73863,-0.00907,0.06181,0.00676,0.05023,0.05987,
1669185242674720256,-0.00381,0.02901,0.03698,0.67837,-0.73236,-0.00862,0.05815,0.04081,-0.04193,0.04203,
1669185242774632960,-0.00207,0.02130,0.04045,0.69545,-0.71661,0.00062,0.05306,-0.03393,-0.03256,0.00683,
1669185242874544128,-0.00661,0.02070,0.03969,0.69385,-0.71841,-0.01937,0.04567,-0.01235,0.01138,-0.03248,
1669185242974456576,-0.00995,0.01270,0.03975,0.70176,-0.71019,-0.02193,0.05179,0.01208,-0.06392,-0.00402,
1669185243074367488,0.00025,0.00466,0.04331,0.73813,-0.67251,0.00370,0.05361,0.11270,-0.13068,0.08619,
1669185243174279424,0.00334,-0.00167,0.04417,0.75771,-0.64972,0.01868,0.05827,0.01149,0.02476,-0.05374,
1669185243274190080,0.00314,0.00636,0.03473,0.71359,-0.69607,0.03418,0.07147,-0.00012,0.07803,-0.07631,
1669185243374101760,-0.00560,0.01430,0.03176,0.68816,-0.72105,0.02742,0.07593,-0.08195,0.06042,-0.00529,
1669185243474013184,-0.01308,0.02080,0.03418,0.67219,-0.73605,0.02166,0.07698,-0.09663,0.02687,0.03843,
1669185243573923328,-0.02351,0.02463,0.04194,0.65681,-0.74950,0.02024,0.08024,-0.13029,0.00150,0.11730,
1669185243673834240,-0.03711,0.02551,0.06119,0.65188,-0.75414,0.01162,0.07867,-0.15126,-0.02656,0.24056,
1669185243773744128,-0.05374,0.02165,0.08881,0.64983,-0.75641,0.00396,0.07452,-0.14837,-0.03734,0.29626,
1669185243873658368,-0.07072,0.02219,0.12134,0.65043,-0.75612,0.00258,0.07220,-0.18940,-0.02983,0.31995,
1669185243973573120,-0.08952,0.02270,0.15164,0.64075,-0.76481,-0.00588,0.06686,-0.16026,-0.03448,0.25916,
1669185244073486848,-0.10447,0.02155,0.17827,0.64389,-0.76206,-0.00422,0.06815,-0.13678,-0.04539,0.21903,
1669185244173401088,-0.11792,0.01951,0.19896,0.65024,-0.75660,-0.00771,0.06852,-0.14053,-0.03331,0.15465,
1669185244273314560,-0.13065,0.01715,0.21254,0.64761,-0.75878,-0.01708,0.06758,-0.13220,-0.03989,0.13240,
1669185244373228544,-0.14110,0.01094,0.22604,0.64838,-0.75755,-0.02838,0.07014,-0.11195,-0.04999,0.12391,
1669185244473141760,-0.15254,0.00580,0.23681,0.64584,-0.75805,-0.04209,0.08044,-0.12765,-0.05198,0.09147,
1669185244573055488,-0.16578,-0.00239,0.24684,0.64786,-0.75317,-0.05932,0.09739,-0.14491,-0.07209,0.10393,
1669185244672969216,-0.18081,-0.01263,0.25608,0.65631,-0.74070,-0.07681,0.12135,-0.14931,-0.08948,0.07878,
1669185244772881664,-0.19664,-0.02453,0.26228,0.66381,-0.72865,-0.09161,0.14154,-0.17804,-0.09923,0.04860,
1669185244872809984,-0.21647,-0.03667,0.26769,0.65895,-0.72870,-0.10583,0.15359,-0.21158,-0.13579,0.07369,
1669185244972738304,-0.23764,-0.05402,0.27754,0.65849,-0.72470,-0.11346,0.16833,-0.21014,-0.16699,0.12502,
1669185245072668160,-0.26027,-0.07002,0.29063,0.66368,-0.71726,-0.11316,0.17961,-0.21994,-0.18893,0.12634,
1669185245172598016,-0.28337,-0.08586,0.30183,0.66859,-0.71177,-0.11038,0.18488,-0.23378,-0.17077,0.10388,
1669185245272527616,-0.30773,-0.10181,0.31129,0.66940,-0.71025,-0.11394,0.18563,-0.23928,-0.17606,0.07595,
1669185245372458496,-0.33135,-0.11896,0.31896,0.66675,-0.71613,-0.11780,0.16950,-0.23535,-0.20577,0.08206,
1669185245472388864,-0.35492,-0.13826,0.32710,0.66689,-0.71904,-0.11821,0.15575,-0.24221,-0.21367,0.09315,
1669185245572320000,-0.37962,-0.15781,0.33759,0.66600,-0.72343,-0.11817,0.13833,-0.24835,-0.24252,0.14077,
1669185245672250880,-0.40408,-0.18037,0.35248,0.66446,-0.72889,-0.11876,0.11449,-0.22778,-0.26339,0.15336,
1669185245772183296,-0.42583,-0.20149,0.36611,0.66301,-0.73397,-0.11539,0.09162,-0.19078,-0.27773,0.14643,
1669185245872101120,-0.44389,-0.22479,0.37785,0.67101,-0.72927,-0.10935,0.07714,-0.15381,-0.26077,0.10244,
1669185245972016128,-0.45844,-0.24404,0.38464,0.67092,-0.73163,-0.10148,0.06554,-0.12228,-0.21632,0.05154,
1669185246071932160,-0.46991,-0.26282,0.38798,0.67154,-0.73223,-0.09686,0.05908,-0.12163,-0.17766,0.03247,
1669185246171846912,-0.48329,-0.27878,0.38916,0.67641,-0.72690,-0.10014,0.06366,-0.16419,-0.14454,-0.00482,
1669185246271762688,-0.50082,-0.29319,0.38764,0.67479,-0.72542,-0.11119,0.07784,-0.19910,-0.15870,-0.01981,
1669185246371677184,-0.52144,-0.31251,0.38610,0.67866,-0.71640,-0.12683,0.10055,-0.21556,-0.20265,-0.01490,
1669185246471592704,-0.54328,-0.33431,0.38501,0.67793,-0.70814,-0.14821,0.13029,-0.21233,-0.21660,0.00951,
1669185246571508224,-0.56667,-0.35548,0.38576,0.67341,-0.69908,-0.17246,0.16752,-0.24014,-0.21417,0.02037,
1669185246671422464,-0.59194,-0.37655,0.38718,0.66770,-0.69056,-0.19694,0.19624,-0.26554,-0.18181,0.00573,
1669185246771337472,-0.62055,-0.39739,0.38904,0.65914,-0.68619,-0.21915,0.21601,-0.28318,-0.17249,0.01211,
1669185246871249920,-0.65123,-0.41560,0.39157,0.65120,-0.68067,-0.24430,0.23009,-0.29657,-0.17032,0.04687,
1669185246971163136,-0.68098,-0.43246,0.39444,0.65056,-0.66639,-0.26454,0.25045,-0.30281,-0.15686,0.02483,
1669185247071075840,-0.71312,-0.44529,0.39495,0.64838,-0.65613,-0.27770,0.26829,-0.33919,-0.13193,-0.01250,
1669185247170987776,-0.74794,-0.45686,0.39376,0.64549,-0.64980,-0.28589,0.28173,-0.38909,-0.11845,-0.00740,
1669185247270900480,-0.78688,-0.47027,0.39336,0.64458,-0.64338,-0.28988,0.29420,-0.42247,-0.11247,-0.01187,
1669185247370811648,-0.82764,-0.48100,0.39272,0.64322,-0.64008,-0.29716,0.29709,-0.42211,-0.09711,-0.02703,
1669185247470724096,-0.86430,-0.48933,0.39043,0.64201,-0.64067,-0.29959,0.29600,-0.36953,-0.07801,-0.01460,
1669185247570635264,-0.89514,-0.49444,0.38993,0.64674,-0.63267,-0.29723,0.30514,-0.32733,-0.04178,-0.00983,
1669185247670546944,-0.92048,-0.49354,0.38983,0.64617,-0.63659,-0.29365,0.30165,-0.22372,-0.03571,0.01535,
1669185247770458880,-0.93029,-0.49273,0.39305,0.64907,-0.63795,-0.28631,0.29960,-0.08715,-0.04848,0.02977,
1669185247870372096,-0.93033,-0.49517,0.39702,0.64737,-0.64660,-0.28257,0.28803,0.03395,-0.09271,0.05714,
1669185247970286336,-0.92203,-0.49358,0.40123,0.64627,-0.65277,-0.28161,0.27737,0.08774,-0.07915,0.04122,
1669185248070199808,-0.91430,-0.50113,0.40476,0.64529,-0.65421,-0.27960,0.27829,0.10747,-0.10235,0.05155,
1669185248170113792,-0.91033,-0.50991,0.40618,0.63217,-0.66418,-0.29717,0.26630,0.04597,-0.07263,-0.01957,
1669185248270027776,-0.89797,-0.52270,0.40849,0.62607,-0.66567,-0.30029,0.27340,0.10238,-0.11028,0.06401,
1669185248369940736,-0.89468,-0.52662,0.40843,0.62259,-0.66297,-0.30094,0.28687,0.10308,-0.04808,-0.03086,
1669185248469854464,-0.89299,-0.52871,0.40796,0.61753,-0.66158,-0.30848,0.29292,0.07293,-0.06139,0.01492,
1669185248569766656,-0.89085,-0.52675,0.40510,0.60666,-0.66876,-0.30906,0.29868,0.09311,-0.03681,-0.02148,
1669185248669680384,-0.89363,-0.52228,0.40283,0.59794,-0.67287,-0.31399,0.30187,0.00873,-0.02362,0.02418,
1669185248769592832,-0.90389,-0.51289,0.40572,0.59097,-0.67415,-0.31150,0.31501,-0.05009,0.02586,0.02215,
1669185248869511424,-0.91745,-0.50478,0.40489,0.57438,-0.68350,-0.32423,0.31272,-0.15231,0.03635,-0.01950,
1669185248969431296,-0.93381,-0.49804,0.40274,0.56902,-0.68583,-0.33943,0.30108,-0.14668,0.06864,-0.02150,
1669185249069350144,-0.94921,-0.49167,0.40490,0.57342,-0.68018,-0.33306,0.31244,-0.11747,0.08448,0.05486,
1669185249169270272,-0.96487,-0.48093,0.40962,0.58222,-0.67355,-0.31196,0.33171,-0.18224,0.11805,0.03847,
1669185249269189120,-0.98598,-0.46915,0.41518,0.59143,-0.67073,-0.29753,0.33438,-0.27806,0.14828,0.00047,
1669185249369109248,-1.01696,-0.45265,0.41659,0.59480,-0.67224,-0.29079,0.33128,-0.32433,0.15857,0.01853,
1669185249469028096,-1.05052,-0.43768,0.42046,0.60774,-0.66880,-0.28510,0.31948,-0.34677,0.15241,0.03622,
1669185249568947968,-1.08639,-0.42193,0.42331,0.61051,-0.66658,-0.28462,0.31929,-0.37929,0.16073,0.03039,
1669185249668867840,-1.12031,-0.40912,0.42660,0.61717,-0.66550,-0.28427,0.30888,-0.37436,0.15764,0.05210,
1669185249768786944,-1.15959,-0.39547,0.43086,0.62004,-0.66602,-0.28091,0.30506,-0.39119,0.14089,0.03165,
1669185249868704000,-1.20011,-0.38381,0.43251,0.61190,-0.67469,-0.27528,0.30756,-0.38281,0.14161,0.00787,
1669185249968619520,-1.23634,-0.36984,0.43341,0.61037,-0.67889,-0.27074,0.30539,-0.33447,0.12644,0.01066,
1669185250068536064,-1.26865,-0.35737,0.43007,0.62977,-0.67002,-0.27589,0.27990,-0.30123,0.08994,-0.05994,
1669185250168452864,-1.29513,-0.35254,0.41769,0.63874,-0.66380,-0.29007,0.25930,-0.21733,0.05482,-0.12111,
1669185250268368128,-1.30725,-0.35284,0.40332,0.63841,-0.66451,-0.30249,0.24362,-0.12673,0.03952,-0.10237,
1669185250368284160,-1.31640,-0.34950,0.39556,0.63141,-0.67195,-0.30781,0.23465,-0.02261,0.00239,-0.05409,
1669185250468199168,-1.32012,-0.34905,0.38948,0.61835,-0.68066,-0.30465,0.24807,0.04240,-0.00423,-0.03213,
1669185250568115200,-1.32058,-0.35153,0.38687,0.60506,-0.68947,-0.30172,0.25979,0.06831,-0.04497,-0.01565,
1669185250668030208,-1.31759,-0.35819,0.38186,0.60506,-0.68906,-0.30806,0.25338,0.08943,-0.06408,-0.05957,
1669185250767945984,-1.31134,-0.36380,0.37853,0.60395,-0.68958,-0.30826,0.25436,0.11841,-0.08774,-0.02599,
1669185250867866368,-1.29413,-0.37487,0.37665,0.60591,-0.68445,-0.31011,0.26122,0.17412,-0.07074,0.01138,
1669185250967786240,-1.27440,-0.38500,0.37991,0.59876,-0.68554,-0.31143,0.27302,0.20640,-0.13270,0.04931,
1669185251067707648,-1.25257,-0.40184,0.38761,0.59896,-0.68268,-0.31043,0.28077,0.22564,-0.17881,0.06690,
1669185251167627520,-1.22760,-0.42459,0.39563,0.59654,-0.68247,-0.31315,0.28338,0.21393,-0.18972,0.03665,
1669185251267548672,-1.20818,-0.44465,0.39953,0.59366,-0.68056,-0.31759,0.28902,0.18552,-0.22973,0.06924,
1669185251367470080,-1.19257,-0.46876,0.40787,0.60319,-0.65624,-0.32595,0.31506,0.14854,-0.20886,0.07533,
1669185251467389952,-1.17659,-0.49220,0.41530,0.60788,-0.63894,-0.32557,0.34094,0.10442,-0.13423,0.02733,
1669185251567311360,-1.16466,-0.50800,0.41837,0.58959,-0.64588,-0.33224,0.35333,0.05649,-0.10494,0.00657,
1669185251667231488,-1.15857,-0.51899,0.42183,0.57432,-0.64952,-0.34155,0.36280,0.01390,-0.11092,0.03947,
1669185251767152640,-1.15762,-0.53306,0.42718,0.57164,-0.63717,-0.34850,0.38183,-0.04461,-0.12459,0.06064,
1669185251867083008,-1.16287,-0.54686,0.43140,0.56703,-0.63201,-0.35938,0.38716,-0.10771,-0.11840,0.04376,
1669185251967017984,-1.17312,-0.56165,0.43575,0.55873,-0.62240,-0.37495,0.39983,-0.15020,-0.13070,0.04626,
1669185252066953216,-1.18491,-0.58121,0.43956,0.55329,-0.60667,-0.39260,0.41436,-0.18226,-0.14044,0.02732,
1669185252166888192,-1.19996,-0.59761,0.43918,0.54320,-0.59717,-0.41354,0.42108,-0.17536,-0.10456,-0.04177,
1669185252266824704,-1.21699,-0.60755,0.43331,0.52853,-0.58625,-0.42358,0.44447,-0.20915,-0.09403,-0.06261,
1669185252366760960,-1.24206,-0.61944,0.42683,0.51336,-0.57854,-0.43663,0.45947,-0.28542,-0.10748,-0.06398,
1669185252466698752,-1.27406,-0.63255,0.42153,-0.49904,0.57263,0.45393,-0.46583,-0.30053,-0.11072,-0.04283,
1669185252566637312,-1.30252,-0.64550,0.41826,-0.49035,0.55910,0.45770,-0.48732,-0.30360,-0.12892,-0.01065,
1669185252666575104,-1.32962,-0.66123,0.41811,-0.48686,0.54221,0.46225,-0.50527,-0.34221,-0.16531,0.00632,
1669185252766514432,-1.36402,-0.67845,0.41968,-0.48084,0.53038,0.47650,-0.51034,-0.38173,-0.19021,0.00684,
1669185252866436096,-1.39661,-0.69680,0.42115,-0.47263,0.51720,0.49339,-0.51545,-0.37276,-0.19654,0.00730,
1669185252966353152,-1.43093,-0.71853,0.42294,0.46633,-0.50404,-0.50787,0.52014,-0.36169,-0.19023,-0.00630,
1669185253066269952,-1.46480,-0.73720,0.42263,0.45429,-0.49538,-0.52310,0.52401,-0.34566,-0.18062,-0.02433,
1669185253166187008,-1.49395,-0.75415,0.41974,-0.43551,0.49108,0.53585,-0.53106,-0.30862,-0.18022,-0.03819,
1669185253266104320,-1.52747,-0.77430,0.41621,-0.42129,0.48433,0.54944,-0.53485,-0.27525,-0.19640,-0.03435,
1669185253366020352,-1.55187,-0.79094,0.41208,-0.40819,0.47212,0.56026,-0.54460,-0.23089,-0.20272,-0.02406,
1669185253465937920,-1.57042,-0.81117,0.40925,-0.39135,0.46089,0.56602,-0.56040,-0.19238,-0.20874,-0.04127,
1669185253565853952,-1.58908,-0.83283,0.40439,-0.37520,0.45238,0.57782,-0.56631,-0.12003,-0.21667,-0.04557,
1669185253665771264,-1.59901,-0.85075,0.39996,-0.36312,0.43817,0.58529,-0.57757,-0.07266,-0.16894,-0.04928,
1669185253765687552,-1.60226,-0.85958,0.39687,-0.35338,0.43645,0.59012,-0.58000,-0.02331,-0.06771,-0.01770,
1669185253865603328,-1.60208,-0.85959,0.39761,-0.35295,0.43381,0.58772,-0.58465,0.03325,0.01866,0.03176,
1669185253965519104,-1.59962,-0.85128,0.40103,-0.36021,0.43437,0.58485,-0.58268,0.05403,0.10932,0.04328,
1669185254065433856,-1.59955,-0.83519,0.40570,-0.36382,0.44392,0.58580,-0.57220,0.05267,0.21215,0.07684,
1669185254165349376,-1.59991,-0.81055,0.41527,-0.36587,0.46599,0.59104,-0.54742,0.10257,0.27523,0.18417,
1669185254265263616,-1.59442,-0.78201,0.43708,-0.37184,0.47734,0.58816,-0.53661,0.14012,0.31154,0.29265,
1669185254365179136,-1.58626,-0.74919,0.46668,-0.38148,0.48678,0.58149,-0.52857,0.14598,0.35228,0.31497,
1669185254465094400,-1.57503,-0.71462,0.49932,-0.39528,0.50922,0.57431,-0.50460,0.17540,0.35459,0.34954,
1669185254565008384,-1.56172,-0.68226,0.53722,-0.40152,0.51778,0.55897,-0.50817,0.17300,0.31355,0.41169,
1669185254664923392,-1.54761,-0.65088,0.57711,-0.41371,0.52937,0.55368,-0.49199,0.13617,0.29498,0.41385,
1669185254764837376,-1.53733,-0.62403,0.61932,-0.42560,0.53852,0.56240,-0.46106,0.11511,0.25819,0.43207,
1669185254864756224,-1.52700,-0.59849,0.66214,-0.43146,0.53416,0.56124,-0.46209,0.12950,0.24592,0.41524,
1669185254964675584,-1.51675,-0.57282,0.69804,-0.44603,0.54113,0.55935,-0.44200,0.13815,0.27221,0.30258,
1669185255064596480,-1.50086,-0.54740,0.72751,-0.44812,0.54601,0.55619,-0.43784,0.18524,0.24869,0.28133,
1669185255164516864,-1.48288,-0.52277,0.75113,-0.46082,0.55543,0.54609,-0.42536,0.14908,0.27169,0.20657,
1669185255264436480,-1.47119,-0.49770,0.76871,-0.46276,0.57342,0.54019,-0.40651,0.09218,0.22783,0.18414,
1669185255364357120,-1.46267,-0.47704,0.78341,-0.46913,0.57452,0.54132,-0.39600,0.07529,0.22874,0.14803,
1669185255464276736,-1.44884,-0.45441,0.79320,-0.47529,0.57969,0.53410,-0.39089,0.09011,0.25084,0.08425,
1669185255564197632,-1.43569,-0.43065,0.79808,-0.47967,0.58477,0.52235,-0.39383,0.12045,0.24240,0.02985,
1669185255664118016,-1.41707,-0.41013,0.79556,-0.49066,0.58642,0.50573,-0.39950,0.14189,0.23020,-0.08009,
1669185255764037888,-1.39275,-0.38771,0.78399,0.50137,-0.59611,-0.48886,0.39280,0.12778,0.20893,-0.17626,
1669185255863959552,-1.37838,-0.37344,0.76328,0.51481,-0.59583,-0.47560,0.39212,0.07477,0.16425,-0.23306,
1669185255963879936,-1.36271,-0.35598,0.74002,0.52216,-0.59745,-0.46473,0.39297,0.05046,0.14488,-0.28159,
1669185256063802112,-1.35127,-0.34781,0.71144,0.52112,-0.61182,-0.45345,0.38534,0.01790,0.11957,-0.29716,
1669185256163723264,-1.33818,-0.33213,0.68374,0.52424,-0.62073,-0.43951,0.38302,0.02450,0.11661,-0.28522,
1669185256263645184,-1.32366,-0.32205,0.65502,0.54166,-0.62113,-0.42066,0.37928,0.02033,0.10962,-0.29063,
1669185256363567360,-1.31146,-0.31208,0.62437,0.55793,-0.62187,-0.39845,0.37846,-0.00350,0.11056,-0.31308,
1669185256463488512,-1.30260,-0.30210,0.59283,0.57623,-0.61779,-0.37514,0.38154,-0.01427,0.08626,-0.31989,
1669185256563410944,-1.29414,-0.29136,0.55951,0.58839,-0.62738,-0.34757,0.37336,0.01812,0.12058,-0.33659,
1669185256663332096,-1.28785,-0.28228,0.52994,0.59322,-0.64836,-0.31517,0.35832,0.05141,0.07886,-0.26064,
1669185256763254528,-1.27467,-0.27317,0.50394,0.61451,-0.64821,-0.28008,0.35179,0.09214,0.05284,-0.21657,
1669185256863173888,-1.26268,-0.27021,0.48622,0.63711,-0.64869,-0.24987,0.33295,0.15687,0.01500,-0.17928,
1669185256963093760,-1.24144,-0.26957,0.46994,0.65910,-0.63791,-0.22060,0.33165,0.24470,-0.00410,-0.16213,
1669185257063013376,-1.21292,-0.26926,0.45593,0.67231,-0.64891,-0.19232,0.29987,0.30151,-0.00362,-0.11363,
1669185257162932224,-1.17524,-0.26886,0.45166,0.67671,-0.67252,-0.16402,0.25076,0.38205,-0.00061,-0.05206,
1669185257262851840,-1.13314,-0.26791,0.45544,0.68190,-0.68713,-0.13503,0.21127,0.41821,-0.00938,0.01776,
1669185257362770432,-1.08930,-0.26557,0.45921,0.68428,-0.69944,-0.11059,0.17409,0.46282,0.01691,0.02271,
1669185257462689792,-1.04104,-0.26210,0.46233,0.67901,-0.71470,-0.08832,0.14263,0.51603,0.00787,0.01906,
1669185257562609664,-0.98492,-0.26069,0.46172,0.68220,-0.71823,-0.06496,0.12055,0.56031,-0.01425,-0.00420,
1669185257662528256,-0.92212,-0.26218,0.45934,0.68285,-0.72213,-0.04399,0.10154,0.57781,-0.02922,-0.02237,
1669185257762448128,-0.86229,-0.26591,0.45652,0.68602,-0.72145,-0.03049,0.08919,0.59686,-0.05577,-0.02608,
1669185257862404864,-0.80456,-0.27382,0.45294,0.69523,-0.71311,-0.01918,0.08806,0.59245,-0.07908,-0.03772,
1669185257962412800,-0.75909,-0.27802,0.44644,0.69601,-0.71335,-0.00852,0.08143,0.56089,-0.09137,-0.06771,
1669185258062421504,-0.71040,-0.28621,0.43957,0.69317,-0.71804,0.00070,0.06278,0.54307,-0.09599,-0.03606,
1669185258162433024,-0.66164,-0.29586,0.43733,0.69795,-0.71403,0.01220,0.05366,0.51689,-0.08613,-0.01864,
1669185258262446336,-0.61063,-0.30302,0.43464,0.69101,-0.72107,0.03157,0.03973,0.52712,-0.06483,-0.04028,
1669185258362459904,-0.56009,-0.30941,0.43064,0.68932,-0.72182,0.05505,0.02809,0.49263,-0.08546,-0.03780,
1669185258462476288,-0.51264,-0.32406,0.42633,0.69264,-0.71705,0.07727,0.01100,0.45826,-0.11405,-0.06376,
1669185258562493440,-0.46872,-0.33426,0.41954,0.68555,-0.72081,0.10139,-0.01317,0.43003,-0.13086,-0.06908,
1669185258662513152,-0.42774,-0.34846,0.41304,0.68618,-0.71665,0.12138,-0.02899,0.41107,-0.13340,-0.06670,
1669185258762534656,-0.38924,-0.36242,0.40799,0.68265,-0.71316,0.14787,-0.05931,0.37680,-0.13132,-0.04090,
1669185258862490112,-0.35479,-0.37140,0.40474,0.67107,-0.71407,0.17505,-0.09553,0.32026,-0.10921,-0.01317,
1669185258962416640,-0.32728,-0.37853,0.40483,0.66038,-0.71100,0.20307,-0.13093,0.24741,-0.10220,0.01361,
1669185259062342144,-0.30420,-0.38902,0.40554,0.64555,-0.70708,0.23567,-0.16663,0.22171,-0.12690,0.00197,
1669185259162269184,-0.28789,-0.39682,0.40612,0.62673,-0.70204,0.27469,-0.19722,0.18105,-0.16623,0.00990,
1669185259262194688,-0.27434,-0.40799,0.41160,0.59944,-0.70525,0.30914,-0.21848,0.14811,-0.16397,0.11803,
1669185259362121216,-0.26191,-0.42335,0.42939,0.57232,-0.71392,0.33412,-0.22614,0.15495,-0.17141,0.20506,
1669185259462048000,-0.24855,-0.43727,0.45302,0.53872,-0.72351,0.36119,-0.23634,0.12296,-0.21094,0.24291,
1669185259561973760,-0.24092,-0.45903,0.47895,0.50423,-0.72373,0.38662,-0.26924,0.06056,-0.22452,0.24151,
1669185259661901056,-0.23967,-0.48136,0.50465,0.50512,-0.70623,0.39709,-0.29734,0.00010,-0.21882,0.25394,
1669185259761826816,-0.24108,-0.50467,0.52843,0.52466,-0.68144,0.39845,-0.31875,-0.00229,-0.23620,0.23104,
1669185259861746176,-0.24234,-0.53283,0.55001,0.52049,-0.67587,0.40750,-0.32594,-0.00506,-0.29324,0.21568,
1669185259961653248,-0.24546,-0.56374,0.57322,0.51071,-0.67058,0.42453,-0.33057,-0.05728,-0.32211,0.27763,
1669185260061561088,-0.25195,-0.59463,0.60233,0.51805,-0.65305,0.42791,-0.34935,-0.09488,-0.33058,0.29072,
1669185260161468672,-0.25643,-0.62727,0.62927,0.51192,-0.63871,0.43928,-0.37017,-0.08124,-0.29713,0.26812,
1669185260261374976,-0.26132,-0.65740,0.65380,0.51349,-0.62474,0.44684,-0.38258,-0.07394,-0.26780,0.21689,
1669185260361281792,-0.26702,-0.68348,0.67227,0.50658,-0.61316,0.46018,-0.39453,-0.05626,-0.23729,0.15462,
1669185260461187584,-0.27873,-0.70803,0.68738,0.50148,-0.60635,0.47028,-0.39961,-0.06368,-0.20749,0.13247,
1669185260561094144,-0.29512,-0.73037,0.70192,-0.49650,0.60098,-0.48197,0.40002,-0.06095,-0.18556,0.10509,
1669185260660999936,-0.30892,-0.75200,0.71358,-0.48622,0.59697,-0.49459,0.40325,-0.06089,-0.17925,0.06956,
1669185260760904704,-0.31470,-0.77164,0.71556,-0.48607,0.58699,-0.50056,0.41063,-0.05514,-0.15555,-0.02478,
1669185260860816384,-0.32164,-0.78888,0.70462,-0.48911,0.57339,-0.50215,0.42408,-0.01486,-0.15334,-0.19640,
1669185260960731392,-0.33199,-0.80719,0.68229,-0.49188,0.56466,-0.50838,0.42517,-0.02885,-0.14016,-0.30779,
1669185261060647168,-0.33666,-0.82160,0.64842,-0.49368,0.55929,-0.51881,0.41750,-0.03459,-0.11681,-0.39848,
1669185261160561920,-0.33954,-0.83033,0.60664,-0.49014,0.56335,-0.52712,0.40563,-0.03900,-0.09548,-0.42871,
1669185261260477184,-0.34750,-0.83623,0.56540,-0.49035,0.56613,-0.53309,0.39353,-0.07838,-0.02856,-0.40536,
1669185261360392704,-0.35607,-0.83503,0.52248,-0.49293,0.56953,-0.53244,0.38621,-0.09612,-0.00769,-0.42192,
1669185261460307200,-0.36867,-0.83618,0.47846,-0.48786,0.57178,-0.53697,0.38305,-0.12483,-0.00994,-0.39180,
1669185261560222464,-0.38483,-0.83590,0.43731,-0.49424,0.56363,-0.53498,0.38968,-0.14271,0.02035,-0.36401,
1669185261660136704,-0.39960,-0.83297,0.39767,-0.48767,0.55554,-0.54196,0.39979,-0.12115,0.05132,-0.33126,
1669185261760051712,-0.41275,-0.82479,0.36883,0.50515,-0.54120,0.53435,-0.40792,-0.13290,0.10568,-0.26188,
1669185261859973888,-0.42991,-0.81616,0.33865,0.50212,-0.53330,0.53815,-0.41698,-0.10679,0.12349,-0.30166,
1669185261959900416,-0.44213,-0.80272,0.30772,0.47727,-0.54830,0.54960,-0.41173,-0.10603,0.16673,-0.29283,
1669185262059827712,-0.45477,-0.78626,0.28124,-0.49575,0.54556,-0.53690,0.41029,-0.12743,0.15750,-0.28021,
1669185262159754752,-0.46580,-0.77242,0.24962,-0.49363,0.55139,-0.54381,0.39570,-0.16454,0.10937,-0.33723,
1669185262259682304,-0.48437,-0.76196,0.21720,0.47766,-0.55475,0.55504,-0.39500,-0.22093,0.06614,-0.30905,
1669185262359609344,-0.50584,-0.75740,0.18637,0.46705,-0.55040,0.57085,-0.39122,-0.24782,0.00725,-0.29318,
1669185262459537152,-0.52929,-0.75774,0.16026,0.46284,-0.53619,0.58799,-0.39057,-0.25527,-0.01464,-0.21865,
1669185262559465216,-0.55312,-0.76275,0.13920,0.46000,-0.52011,0.59921,-0.39854,-0.25174,-0.06039,-0.16989,
1669185262659392256,-0.57761,-0.77185,0.12598,0.46646,-0.50021,0.60063,-0.41406,-0.26057,-0.10368,-0.10710,
1669185262759329792,-0.60311,-0.78451,0.11849,0.47005,-0.47879,0.60281,-0.43177,-0.27921,-0.14310,-0.10009,
1669185262859236352,-0.63082,-0.80192,0.10963,0.46339,-0.46201,0.61140,-0.44497,-0.29111,-0.18777,-0.07764,
1669185262959143680,-0.66104,-0.82366,0.10280,0.46042,-0.44807,0.61903,-0.45171,-0.30367,-0.20638,-0.03722,
1669185263059050240,-0.69167,-0.84473,0.09932,0.44716,-0.44250,0.62695,-0.45954,-0.31118,-0.19143,-0.09284,
1669185263158955776,-0.72446,-0.86509,0.08836,0.43439,-0.43322,0.63770,-0.46580,-0.30938,-0.20687,-0.08206,
1669185263258861824,-0.75460,-0.88706,0.08553,0.42863,-0.41498,0.65088,-0.46949,-0.27303,-0.22240,0.03226,
1669185263358766592,-0.78049,-0.90839,0.09709,0.41458,-0.39954,0.65663,-0.48717,-0.21725,-0.19967,0.18289,
1669185263458671872,-0.80050,-0.92746,0.11792,0.40735,-0.38254,0.65476,-0.50894,-0.15889,-0.17870,0.21510,
1669185263558575872,-0.81751,-0.94439,0.13944,0.39398,-0.36421,0.65845,-0.52780,-0.12945,-0.15503,0.21086,
1669185263658476800,-0.82851,-0.95974,0.16103,0.37968,-0.34172,0.66969,-0.53906,-0.09117,-0.16409,0.21563,
1669185263758383872,-0.83266,-0.97601,0.18459,0.34732,-0.32865,0.69141,-0.54158,-0.06007,-0.17585,0.25613,
1669185263858289152,-0.83586,-0.99367,0.21125,0.31875,-0.31463,0.70596,-0.54865,-0.03759,-0.18009,0.26672,
1669185263958195456,-0.83658,-1.00927,0.23745,0.29382,-0.29394,0.71853,-0.55766,-0.02090,-0.15423,0.26059,
1669185264058100224,-0.83757,-1.02200,0.26414,0.27734,-0.26960,0.72441,-0.57063,-0.03480,-0.10734,0.28686,
1669185264158005760,-0.84251,-1.03122,0.29378,0.26961,-0.24015,0.71969,-0.59303,-0.05333,-0.07925,0.31520,
1669185264257909760,-0.84971,-1.03881,0.32596,0.26098,-0.21542,0.71453,-0.61231,-0.08122,-0.07108,0.33433,
1669185264357814528,-0.86068,-1.04667,0.35935,0.24351,-0.19620,0.72390,-0.61496,-0.14007,-0.09753,0.32923,
1669185264457718784,-0.87349,-1.05402,0.39303,0.24847,-0.18043,0.72860,-0.61225,-0.15424,-0.09707,0.33089,
1669185264557621760,-0.89087,-1.06602,0.42245,0.24226,-0.16257,0.74170,-0.60395,-0.14788,-0.14494,0.31800,
1669185264657525248,-0.90997,-1.08261,0.45634,0.22367,-0.15878,0.74834,-0.60394,-0.15777,-0.14204,0.37808,
1669185264757427456,-0.93096,-1.10159,0.49374,0.20561,-0.15403,0.74513,-0.61545,-0.19289,-0.16461,0.39115,
1669185264857334016,-0.95048,-1.12268,0.53003,0.19606,-0.14313,0.74645,-0.61958,-0.22978,-0.19545,0.34212,
1669185264957244416,-0.97356,-1.14393,0.56137,0.17143,-0.12875,0.76040,-0.61305,-0.22795,-0.18116,0.30390,
1669185265057153024,-0.99105,-1.16014,0.58997,0.15715,-0.12665,0.75996,-0.61784,-0.17980,-0.13213,0.27936,
1669185265157062656,-1.00388,-1.17465,0.61194,0.14067,-0.12443,0.75785,-0.62481,-0.17399,-0.15118,0.16191,
1669185265256971008,-1.01560,-1.19003,0.62289,0.12157,-0.11194,0.76988,-0.61642,-0.14379,-0.11166,0.10599,
1669185265356879872,-1.02262,-1.19872,0.63001,0.11484,-0.09711,0.76415,-0.62726,-0.09504,-0.06418,0.03038,
1669185265456787712,-1.02264,-1.20697,0.62769,0.10215,-0.07614,0.76038,-0.63686,-0.02404,-0.03534,-0.05630,
1669185265556696064,-1.02131,-1.20866,0.62159,0.08480,-0.04980,0.75816,-0.64461,0.04304,-0.02456,-0.11806,
1669185265656604416,-1.01535,-1.20767,0.61051,0.06976,-0.01755,0.75719,-0.64923,0.08219,-0.01502,-0.16846,
1669185265756511488,-1.00637,-1.20485,0.59148,0.04767,0.02802,0.76298,-0.64405,0.11045,0.02019,-0.21386,
1669185265856422400,-0.99389,-1.20165,0.56874,0.03012,0.06822,0.76228,-0.64293,0.12569,0.02353,-0.22131,
1669185265956336128,-0.98543,-1.19413,0.54534,0.01259,0.09855,0.76174,-0.64022,0.05987,0.01695,-0.24944,
1669185266056250112,-0.98173,-1.18441,0.51985,-0.00612,0.12620,0.76676,-0.62938,0.02343,0.04339,-0.25199,
1669185266156164352,-0.98055,-1.17786,0.49329,-0.02698,0.14782,0.76543,-0.62573,-0.01225,0.04972,-0.24096,
1669185266256077056,-0.98086,-1.16335,0.46677,-0.04277,0.15749,0.76067,-0.62829,-0.04919,0.05031,-0.24228,
1669185266355990528,-0.98608,-1.15382,0.44141,-0.05879,0.16545,0.75645,-0.63004,-0.07967,0.05900,-0.24710,
1669185266455903232,-0.99479,-1.14433,0.41439,-0.06903,0.17590,0.75414,-0.62893,-0.11624,0.06184,-0.25174,
1669185266555816704,-1.00611,-1.13078,0.38783,-0.07807,0.18285,0.75319,-0.62704,-0.15958,0.07115,-0.26123,
1669185266655728896,-1.02223,-1.12105,0.35968,-0.08122,0.19039,0.75753,-0.61912,-0.18979,0.06588,-0.29651,
1669185266755641856,-1.03715,-1.11012,0.33249,-0.07719,0.19466,0.75313,-0.62366,-0.13756,0.07895,-0.25599,
1669185266855552768,-1.04752,-1.09880,0.30823,-0.08333,0.20382,0.74927,-0.62458,-0.09124,0.10950,-0.24078,
1669185266955460608,-1.05510,-1.08712,0.28663,-0.08506,0.22233,0.73774,-0.63173,-0.05729,0.11370,-0.19654,
1669185267055368960,-1.05970,-1.07453,0.26802,-0.10624,0.23484,0.73995,-0.62132,-0.06557,0.06393,-0.19637,
1669185267155275776,-1.06530,-1.06581,0.24957,-0.13397,0.24307,0.76927,-0.57550,-0.01787,0.07668,-0.13411,
1669185267255183872,-1.06387,-1.05716,0.23936,-0.14717,0.25336,0.76461,-0.57405,0.02191,0.07148,-0.08548,
1669185267355090688,-1.05961,-1.05044,0.23617,-0.14856,0.27805,0.75586,-0.57385,0.04943,0.05873,0.02056,
1669185267454997760,-1.05046,-1.04517,0.24792,-0.16297,0.30140,0.74922,-0.56681,0.11753,0.04271,0.19154,
1669185267554904832,-1.03537,-1.04717,0.27485,-0.19178,0.31762,0.73716,-0.56474,0.16647,0.00940,0.31507,
1669185267654810880,-1.02015,-1.04970,0.31005,-0.21351,0.32916,0.71978,-0.57270,0.12652,-0.01629,0.35820,
1669185267754717696,-1.00912,-1.05033,0.34530,-0.21510,0.34827,0.70649,-0.57734,0.06224,0.02567,0.31182,
1669185267854622720,-1.00099,-1.04811,0.37803,-0.21296,0.37158,0.69642,-0.57583,0.03479,0.05929,0.28890,
1669185267954528768,-0.99688,-1.04134,0.40918,-0.20264,0.38259,0.68653,-0.58415,0.04322,0.10475,0.32782,
1669185268054434304,-0.99401,-1.02833,0.44155,-0.21668,0.38599,0.67390,-0.59154,0.00970,0.17173,0.30123,
1669185268154338560,-0.99309,-1.00546,0.47348,-0.22891,0.40519,0.66893,-0.57961,0.00922,0.22923,0.33388,
1669185268254243584,-0.99119,-0.97948,0.50708,-0.24693,0.40724,0.65524,-0.58638,0.01029,0.26673,0.31254,
1669185268354147072,-0.98943,-0.94948,0.53653,-0.26452,0.40429,0.64831,-0.58845,0.00051,0.31228,0.26801,
1669185268454051584,-0.98826,-0.91478,0.56146,-0.28089,0.40981,0.64572,-0.57983,0.00692,0.35853,0.21788,
1669185268553954560,-0.98661,-0.87715,0.58300,-0.29992,0.41928,0.64467,-0.56449,0.03817,0.37328,0.20839,
1669185268653858304,-0.98269,-0.84194,0.60152,-0.31529,0.42139,0.64441,-0.55476,0.05864,0.35937,0.18155,
1669185268753761536,-0.97864,-0.80740,0.61683,-0.32886,0.42654,0.64202,-0.54565,0.08248,0.38482,0.13705,
1669185268853664000,-0.97175,-0.76704,0.62420,-0.34478,0.44058,0.63111,-0.53732,0.10574,0.42497,0.02042,
1669185268953567744,-0.96288,-0.72562,0.61916,-0.36080,0.45837,0.61630,-0.52905,0.12619,0.43206,-0.09000,
1669185269053469952,-0.95477,-0.68425,0.60741,-0.38076,0.48546,0.59718,-0.51257,0.11065,0.41083,-0.14999,
1669185269153372672,-0.94171,-0.64383,0.58898,-0.38855,0.50938,0.58704,-0.49492,0.09772,0.38495,-0.17231,
1669185269253275392,-0.93409,-0.60634,0.57060,-0.39561,0.53671,0.58043,-0.46748,0.09449,0.36896,-0.16381,
1669185269353176320,-0.92602,-0.57521,0.55186,-0.40295,0.54969,0.57055,-0.45818,0.10679,0.36438,-0.14306,
1669185269453077760,-0.91487,-0.53989,0.53450,-0.41461,0.55831,0.55647,-0.45467,0.10710,0.36129,-0.17385,
1669185269552977920,-0.90069,-0.50323,0.51563,-0.41847,0.57336,0.54275,-0.44896,0.10298,0.34311,-0.16309,
1669185269652879104,-0.88585,-0.47258,0.49965,-0.42558,0.57377,0.52813,-0.45906,0.11028,0.29553,-0.14681,
1669185269752777984,-0.86876,-0.44315,0.48333,-0.43630,0.57187,0.51489,-0.46637,0.11578,0.28336,-0.16966,
1669185269852679680,-0.85045,-0.41295,0.46452,-0.44050,0.58079,0.50530,-0.46187,0.13776,0.27421,-0.18158,
1669185269952583168,-0.83408,-0.38990,0.44666,-0.44073,0.58795,0.49901,-0.45942,0.11769,0.18334,-0.16599,
1669185270052484864,-0.82285,-0.37751,0.43100,-0.44273,0.58219,0.49461,-0.46947,0.07027,0.06249,-0.13371,
1669185270152387328,-0.81645,-0.38141,0.41981,-0.44737,0.56533,0.49052,-0.48955,-0.00336,-0.04030,-0.10397,
1669185270252288256,-0.82096,-0.39178,0.41185,-0.44508,0.55112,0.49812,-0.50006,-0.07685,-0.13097,-0.08360,
1669185270352189952,-0.82974,-0.41193,0.40450,-0.44477,0.54100,0.50830,-0.50113,-0.11781,-0.23659,-0.05886,
1669185270452090880,-0.84309,-0.44323,0.40017,-0.44338,0.52202,0.51599,-0.51444,-0.16644,-0.34988,-0.04358,
1669185270551991040,-0.86303,-0.48302,0.39695,-0.43880,0.51468,0.52958,-0.51197,-0.20924,-0.39881,-0.03628,
1669185270651891200,-0.88534,-0.52723,0.39462,-0.41766,0.51210,0.54654,-0.51440,-0.19373,-0.46685,-0.00281,
1669185270751790080,-0.90419,-0.57830,0.39791,-0.40133,0.49441,0.56307,-0.52673,-0.14130,-0.52371,0.05574,
1669185270851694336,-0.91631,-0.63073,0.40470,-0.38930,0.46917,0.57713,-0.54336,-0.09808,-0.53205,0.06535,
1669185270951605504,-0.92254,-0.68559,0.41133,-0.37686,0.44542,0.59664,-0.55099,-0.05979,-0.54181,0.06728,
1669185271051517184,-0.92354,-0.74102,0.42086,-0.36345,0.41782,0.61212,-0.56448,-0.00112,-0.54064,0.09864,
1669185271151428864,-0.92377,-0.79564,0.43266,-0.34759,0.38117,0.61854,-0.59270,0.04621,-0.52750,0.08648,
1669185271251339776,-0.92305,-0.84973,0.43908,-0.32125,0.35929,0.62922,-0.60974,0.03958,-0.47051,0.02751,
1669185271351250688,-0.91815,-0.89620,0.44186,-0.29898,0.35545,0.64342,-0.60850,0.07184,-0.45881,0.01775,
1669185271451160576,-0.91380,-0.94342,0.44457,-0.28539,0.34836,0.64569,-0.61667,0.09535,-0.42404,0.01907,
1669185271551071744,-0.90422,-0.98185,0.44768,-0.28363,0.35075,0.64357,-0.61835,0.12442,-0.38933,0.03146,
1669185271650981120,-0.89307,-1.01685,0.45211,-0.28790,0.35878,0.63998,-0.61548,0.12793,-0.32131,0.04465,
1669185271750891520,-0.88109,-1.04455,0.45598,-0.29430,0.37515,0.63228,-0.61063,0.13641,-0.26670,0.03998,
1669185271850826240,-0.86962,-1.06692,0.45986,-0.30719,0.39322,0.62511,-0.60020,0.13996,-0.21940,0.05862,
1669185271950801152,-0.86175,-1.07915,0.46543,-0.31549,0.40248,0.61105,-0.60423,0.09590,-0.17602,0.04136,
1669185272050777856,-0.86181,-1.08778,0.46669,-0.32314,0.42890,0.61167,-0.58093,0.06792,-0.13593,0.02207,
1669185272150754816,-0.86005,-1.09656,0.46710,-0.32798,0.44939,0.61079,-0.56339,0.09356,-0.13454,0.02526,
1669185272250733312,-0.85414,-1.10324,0.46520,-0.33819,0.46617,0.60070,-0.55451,0.07937,-0.07002,-0.04310,
1669185272350713344,-0.85177,-1.10992,0.46244,-0.34744,0.48562,0.59589,-0.53700,0.08434,-0.07343,-0.00424,
1669185272450692864,-0.85000,-1.11893,0.45980,-0.34532,0.49440,0.59501,-0.53131,0.05138,-0.10870,-0.01368,
1669185272550674688,-0.84772,-1.13376,0.45989,-0.31811,0.46522,0.60742,-0.55984,0.00430,-0.20804,0.01521,
1669185272650656000,-0.84429,-1.15554,0.46231,-0.27169,0.40337,0.64043,-0.59442,0.00463,-0.19380,0.01561,
1669185272750639872,-0.84160,-1.17406,0.46755,-0.22817,0.33980,0.66503,-0.62467,0.01987,-0.14118,0.03532,
1669185272850597376,-0.83750,-1.18238,0.47287,-0.18804,0.28096,0.68604,-0.64424,0.00875,-0.08231,0.03686,
1669185272950503936,-0.83522,-1.18767,0.47636,-0.16052,0.23715,0.71772,-0.63472,0.00730,-0.06450,0.04015,
1669185273050409728,-0.83530,-1.19516,0.48258,-0.12706,0.18754,0.73537,-0.63868,0.02574,-0.02838,0.08531,
1669185273150314496,-0.83157,-1.19585,0.49127,-0.09730,0.13415,0.74063,-0.65115,-0.00639,-0.00304,0.08107,
1669185273250219520,-0.82549,-1.19449,0.50005,-0.06340,0.08402,0.74936,-0.65374,0.01286,0.00819,0.08493,
1669185273350123520,-0.82428,-1.19236,0.50772,-0.03559,0.03562,0.75607,-0.65255,0.01586,0.04462,0.08680,
1669185273450028032,-0.81454,-1.18560,0.51605,-0.00834,-0.00958,0.75425,-0.65646,0.02817,0.10487,0.09554,
1669185273549931520,-0.80969,-1.17048,0.52278,0.00105,-0.03300,0.74892,-0.66184,-0.02949,0.16993,0.08087,
1669185273649834240,-0.81107,-1.15085,0.52780,-0.00274,-0.02721,0.74615,-0.66522,-0.07054,0.21181,0.06805,
1669185273749737216,-0.81994,-1.12839,0.53346,-0.01205,0.00461,0.74804,-0.66353,-0.14416,0.23474,0.07164,
1669185273849652992,-0.84072,-1.10416,0.54372,-0.03253,0.05766,0.75847,-0.64834,-0.14167,0.22659,0.11952,
1669185273949605888,-0.86025,-1.08178,0.55685,-0.04393,0.10279,0.76404,-0.63541,-0.13217,0.20436,0.16893,
1669185274049559296,-0.88242,-1.05779,0.56654,-0.05581,0.13315,0.76686,-0.62537,-0.10904,0.17551,0.19186,
1669185274149515264,-0.89923,-1.04070,0.58375,-0.07328,0.15240,0.76396,-0.62271,-0.11842,0.13802,0.17311,
1669185274249472512,-0.91169,-1.02820,0.60123,-0.07515,0.16275,0.75773,-0.62746,-0.07451,0.09604,0.19412,
1669185274349430272,-0.91542,-1.01472,0.62225,-0.07668,0.15646,0.74833,-0.64004,-0.02476,0.07613,0.21599,
1669185274449390592,-0.91738,-1.00932,0.64486,-0.08827,0.15668,0.74493,-0.64245,-0.00227,0.06005,0.22332,
1669185274549351424,-0.91323,-1.00660,0.66794,-0.09844,0.14677,0.73855,-0.65062,0.01708,0.03614,0.22597,
1669185274649314560,-0.91055,-1.00641,0.68908,-0.10864,0.13678,0.73051,-0.66019,0.00219,-0.00324,0.17412,
1669185274749278208,-0.90657,-1.00780,0.70390,-0.11598,0.13303,0.72651,-0.66410,0.01207,-0.04410,0.09823,
1669185274849229568,-0.89919,-1.00545,0.71111,-0.12017,0.13086,0.71219,-0.67913,-0.00665,-0.06032,-0.00633,
1669185274949142784,-0.90005,-1.01287,0.70481,-0.12865,0.13470,0.69808,-0.69136,-0.02810,-0.12735,-0.12833,
1669185275049054208,-0.89749,-1.01592,0.69287,-0.13984,0.15458,0.69445,-0.68868,-0.05397,-0.15010,-0.20109,
1669185275148966912,-0.89579,-1.02214,0.67512,-0.13848,0.17199,0.69577,-0.68348,-0.05541,-0.17747,-0.22210,
1669185275248878848,-0.89640,-1.03084,0.65693,-0.13660,0.18630,0.69598,-0.67989,-0.05598,-0.21716,-0.20433,
1669185275348791552,-0.89883,-1.04568,0.63798,-0.13756,0.19824,0.69463,-0.67770,-0.03652,-0.23736,-0.19460,
1669185275448704000,-0.89810,-1.06443,0.61785,-0.13237,0.20755,0.69327,-0.67733,-0.01650,-0.25238,-0.19914,
1669185275548615680,-0.89630,-1.08522,0.59514,-0.12979,0.22268,0.69261,-0.67369,-0.00223,-0.24345,-0.21058,
1669185275648528384,-0.89504,-1.11107,0.57439,-0.12920,0.23728,0.68857,-0.67296,0.03627,-0.25576,-0.18981,
1669185275748439808,-0.88974,-1.13709,0.55464,0.12134,-0.24537,-0.67901,0.68118,0.05097,-0.26666,-0.17223,
1669185275848352000,-0.88543,-1.16771,0.53711,0.11882,-0.25520,-0.67343,0.68356,0.04405,-0.28286,-0.16989,
1669185275948262400,-0.88115,-1.19754,0.52208,0.12062,-0.26930,-0.66907,0.68211,0.04465,-0.29453,-0.13517,
1669185276048173568,-0.87942,-1.23415,0.50922,0.12617,-0.27599,-0.65912,0.68809,0.03111,-0.32240,-0.10718,
1669185276148084736,-0.87780,-1.26799,0.49806,0.13735,-0.28621,-0.65771,0.68311,-0.00487,-0.33917,-0.13037,
1669185276247994368,-0.88152,-1.31012,0.48665,0.14261,-0.29301,-0.65361,0.68308,-0.01910,-0.36455,-0.09796,
1669185276347905024,-0.88895,-1.35110,0.47586,0.14441,-0.29981,-0.65267,0.68065,-0.05265,-0.37663,-0.10901,
1669185276447814144,-0.89545,-1.38819,0.46588,0.14570,-0.29931,-0.65784,0.67559,-0.07112,-0.37674,-0.10719,
1669185276547724032,-0.90611,-1.43353,0.45328,0.13872,-0.29131,-0.66741,0.67116,-0.10282,-0.36108,-0.12333,
1669185276647633920,-0.91765,-1.46608,0.44045,-0.13392,0.28478,0.68311,-0.65903,-0.15417,-0.30608,-0.14335,
1669185276747542272,-0.93632,-1.49899,0.42610,-0.12784,0.27973,0.70179,-0.64257,-0.19956,-0.23011,-0.13888,
1669185276847453952,-0.95749,-1.52599,0.41363,-0.11738,0.26459,0.72165,-0.62884,-0.22000,-0.14932,-0.10126,
1669185276947371008,-0.98174,-1.54049,0.40456,-0.11581,0.24812,0.74420,-0.60926,-0.24635,-0.04537,-0.07946,
1669185277047288832,-1.01040,-1.54546,0.39673,-0.11253,0.23428,0.76072,-0.59478,-0.27307,0.05424,-0.04464,
1669185277147205632,-1.04036,-1.53680,0.39465,-0.10707,0.22354,0.76544,-0.59386,-0.28639,0.14681,-0.01099,
1669185277247123200,-1.07199,-1.52037,0.39619,-0.09528,0.21341,0.76413,-0.60124,-0.31089,0.17833,0.01814,
1669185277347040768,-1.10402,-1.50110,0.39940,-0.07218,0.19397,0.75993,-0.61618,-0.36143,0.16626,0.02616,
1669185277446957568,-1.14028,-1.47965,0.40264,-0.06338,0.18146,0.76886,-0.60985,-0.36007,0.19345,0.00946,
1669185277546874880,-1.17452,-1.45669,0.40420,-0.05764,0.16524,0.78312,-0.59674,-0.35629,0.22335,-0.01424,
1669185277646791168,-1.20886,-1.43076,0.40278,-0.04666,0.15747,0.79310,-0.58653,-0.33502,0.26767,-0.02570,
1669185277746708736,-1.23967,-1.40244,0.39962,-0.03619,0.15464,0.80021,-0.57830,-0.29772,0.27595,-0.02508,
1669185277846625792,-1.26506,-1.37093,0.39808,-0.02369,0.15027,0.79769,-0.58356,-0.23614,0.29145,-0.01503,
1669185277946563328,-1.28264,-1.33893,0.39596,-0.00658,0.14000,0.79521,-0.58991,-0.17643,0.29725,-0.01680,
1669185278046501120,-1.29604,-1.30852,0.39676,0.01056,0.11590,0.78807,-0.60448,-0.16106,0.29846,0.02160,
1669185278146438912,-1.30715,-1.27196,0.39835,0.01541,0.11044,0.78415,-0.61047,-0.14119,0.28712,0.01271,
1669185278246377472,-1.31664,-1.23661,0.39965,0.03340,0.10280,0.78297,-0.61260,-0.12491,0.29010,0.00511,
1669185278346315776,-1.32592,-1.20696,0.39984,0.05910,0.09523,0.77740,-0.61894,-0.07977,0.28111,-0.00120,
1669185278446255616,-1.32751,-1.17301,0.39919,0.07765,0.08661,0.77651,-0.61928,-0.04732,0.28379,-0.01856,
1669185278546195968,-1.32562,-1.14521,0.39901,0.08427,0.07882,0.77745,-0.61827,-0.02814,0.29135,0.02102,
1669185278646135808,-1.32847,-1.10755,0.40232,0.08587,0.06926,0.76951,-0.62903,-0.03965,0.32328,0.04354,
1669185278746076928,-1.33207,-1.07303,0.40593,0.08179,0.06664,0.75990,-0.64143,-0.02347,0.31254,0.03106,
1669185278846011392,-1.33255,-1.03460,0.40689,0.08782,0.06527,0.75827,-0.64269,-0.01448,0.29594,-0.01961,
1669185278945925888,-1.33137,-0.99811,0.40584,0.09287,0.06298,0.76008,-0.64007,0.03635,0.30388,0.00439,
1669185279045839360,-1.32579,-0.96670,0.40723,0.09362,0.05179,0.75003,-0.65269,0.06123,0.31048,0.03104,
1669185279145753600,-1.31709,-0.92934,0.41156,0.08276,0.04256,0.73862,-0.66766,0.08253,0.29738,0.03104,
1669185279245667584,-1.31060,-0.89264,0.41349,0.06707,0.05165,0.73701,-0.67056,0.05756,0.28639,-0.01357,
1669185279345580544,-1.30409,-0.86595,0.41064,0.05756,0.07631,0.74615,-0.65888,0.08012,0.26720,-0.04157,
1669185279445494528,-1.29796,-0.83490,0.40342,0.04504,0.10928,0.75713,-0.64248,0.06925,0.27539,-0.09548,
1669185279545406976,-1.29127,-0.81277,0.39133,0.04046,0.15285,0.76519,-0.62408,0.09592,0.25726,-0.10953,
1669185279645320704,-1.28106,-0.78815,0.37891,0.03628,0.19177,0.76819,-0.60975,0.10794,0.24080,-0.10583,
1669185279745233408,-1.26998,-0.77534,0.36761,0.03136,0.22875,0.76853,-0.59671,0.12574,0.19569,-0.08881,
1669185279845145088,-1.25676,-0.76318,0.35836,0.02508,0.26027,0.76901,-0.58331,0.13490,0.16650,-0.06828,
1669185279945053440,-1.24011,-0.74843,0.35142,0.00954,0.29297,0.76322,-0.57582,0.15426,0.15131,-0.02924,
1669185280044960256,-1.22413,-0.73827,0.35067,-0.01925,0.32516,0.74976,-0.57599,0.13629,0.13103,0.01470,
1669185280144867840,-1.21079,-0.72904,0.35494,-0.05840,0.35520,0.72909,-0.58210,0.11185,0.06965,0.04464,
1669185280244774144,-1.20096,-0.72616,0.36063,-0.09403,0.37716,0.70770,-0.58997,0.08997,0.00389,0.05417,
1669185280344681472,-1.19172,-0.72498,0.36525,-0.12468,0.39749,0.68514,-0.59752,0.08477,-0.05327,0.01250,
1669185280444588288,-1.18355,-0.73046,0.36642,-0.15806,0.43299,0.66847,-0.58368,0.07065,-0.06259,0.01085,
1669185280544493312,-1.17539,-0.73942,0.37177,-0.19796,0.46144,0.64504,-0.57603,0.09015,-0.13034,0.08982,
1669185280644399616,-1.16474,-0.75578,0.38190,-0.23992,0.46301,0.61435,-0.59214,0.11004,-0.21098,0.07878,
1669185280744304384,-1.15290,-0.78064,0.38840,0.27138,-0.46569,-0.59445,0.59675,0.10729,-0.28393,0.03381,
1669185280844211968,-1.14281,-0.81108,0.39155,0.28433,-0.46828,-0.58578,0.59727,0.10107,-0.34214,0.01947,
1669185280944150272,-1.13263,-0.84602,0.39416,0.29625,-0.46974,-0.57902,0.59692,0.09107,-0.37503,0.01535,
1669185281044084992,-1.12199,-0.88593,0.39714,0.30250,-0.46231,-0.57579,0.60268,0.08531,-0.42373,0.02815,
1669185281144021248,-1.11255,-0.92986,0.39991,0.30409,-0.45193,-0.57230,0.61300,0.07772,-0.45374,0.02988,
1669185281243956480,-1.09987,-0.97593,0.40390,0.29750,-0.43755,-0.57751,0.62172,0.06500,-0.46785,0.02181,
1669185281343893248,-1.08856,-1.02344,0.40596,0.28163,-0.42355,-0.58722,0.62965,0.05923,-0.47401,0.00751,
1669185281443829248,-1.07925,-1.07097,0.40548,0.26237,-0.40741,-0.59927,0.63723,0.05715,-0.46149,-0.00836,
1669185281543766272,-1.06939,-1.11708,0.40455,0.24229,-0.38979,-0.61317,0.64295,0.06961,-0.44711,-0.01176,
1669185281643704064,-1.05807,-1.16159,0.40230,0.21935,-0.37447,-0.62407,0.64976,0.08109,-0.42933,-0.03727,
1669185281743640576,-1.05039,-1.20636,0.39728,0.20094,-0.36191,-0.63370,0.65350,0.09348,-0.41213,-0.04756,
1669185281843577088,-1.04327,-1.24644,0.39151,0.17859,-0.34701,-0.64489,0.65712,0.07774,-0.39179,-0.04392,
1669185281943487744,-1.03133,-1.28562,0.38694,-0.15392,0.33347,0.66310,-0.65223,0.11473,-0.39997,-0.03599,
1669185282043400704,-1.01713,-1.32303,0.38422,-0.13279,0.30815,0.68045,-0.65145,0.17139,-0.42330,-0.02400,
1669185282143313152,-1.00274,-1.36003,0.38323,-0.10761,0.27207,0.68468,-0.66754,0.19677,-0.43405,-0.01812,
1669185282243226368,-0.98563,-1.39960,0.38165,-0.08114,0.23446,0.70011,-0.66954,0.19048,-0.43135,-0.03593,
1669185282343139072,-0.97409,-1.43136,0.37896,-0.05087,0.20188,0.71798,-0.66420,0.16550,-0.35312,-0.02789,
1669185282443051008,-0.96009,-1.45988,0.37917,-0.01239,0.17251,0.71867,-0.67350,0.17921,-0.28531,0.00254,
1669185282542963456,-0.94535,-1.48011,0.38063,0.02281,0.13931,0.71628,-0.68339,0.15381,-0.22183,-0.00880,
1669185282642875136,-0.93126,-1.49728,0.38065,0.04939,0.11643,0.72107,-0.68122,0.15810,-0.18905,-0.01330,
1669185282742787584,-0.91838,-1.51280,0.37973,0.07902,0.09018,0.72885,-0.67410,0.12824,-0.16427,-0.00760,
1669185282842700800,-0.90466,-1.52653,0.37999,0.11266,0.05799,0.73216,-0.66924,0.16842,-0.15170,-0.00679,
1669185282942604544,-0.88882,-1.53833,0.37877,0.12906,0.02189,0.74890,-0.64962,0.15591,-0.13642,0.00160,
1669185283042510592,-0.87134,-1.54865,0.37758,0.15399,-0.01788,0.75738,-0.63431,0.26725,-0.07939,0.00107,
1669185283142415104,-0.84173,-1.56386,0.37559,0.17413,-0.06536,0.75892,-0.62406,0.32782,-0.04029,-0.01251,
1669185283242320384,-0.80747,-1.56551,0.37432,0.20117,-0.10161,0.75186,-0.61960,0.37990,-0.00780,0.00682,
1669185283342224128,-0.76704,-1.56622,0.37683,0.23199,-0.12590,0.73678,-0.62248,0.40944,-0.01595,0.05102,
1669185283442128640,-0.72414,-1.56845,0.38410,0.25953,-0.14933,0.71660,-0.62994,0.42869,-0.03888,0.07992,
1669185283542032640,-0.68265,-1.57413,0.39320,0.28537,-0.17201,0.69627,-0.63576,0.40963,-0.05853,0.07338,
1669185283641935616,-0.64515,-1.57999,0.39926,0.29637,-0.18886,0.68616,-0.63693,0.37081,-0.08911,0.02563,
1669185283741839104,-0.61133,-1.58830,0.40275,0.29623,-0.20063,0.68483,-0.63482,0.34594,-0.09478,0.04488,
1669185283841742592,-0.57119,-1.60247,0.40893,0.29826,-0.21874,0.67601,-0.63734,0.33929,-0.06976,0.06612,
1669185283941644800,-0.54648,-1.60011,0.41630,0.30072,-0.23958,0.66599,-0.63924,0.28511,-0.06774,0.06934,
1669185284041548032,-0.52640,-1.59673,0.42505,0.30675,-0.25550,0.65960,-0.63683,0.24503,-0.05758,0.08568,
1669185284141449984,-0.50871,-1.59529,0.43532,0.31419,-0.27353,0.66037,-0.62480,0.19563,-0.06743,0.13128,
1669185284241352448,-0.49201,-1.59468,0.45035,0.32871,-0.28786,0.66535,-0.60530,0.15469,-0.02290,0.20068,
1669185284341253632,-0.46552,-1.59259,0.47061,0.33498,-0.30593,0.67447,-0.58248,0.12583,0.03920,0.24338,
1669185284441155072,-0.44303,-1.58712,0.49638,0.34046,-0.32792,0.67516,-0.56631,0.07686,0.10254,0.28325,
1669185284541055232,-0.42464,-1.57711,0.52554,0.34778,-0.34951,0.66809,-0.55726,0.01482,0.14365,0.30313,
1669185284640955904,-0.41446,-1.56468,0.55525,0.35715,-0.35749,0.66557,-0.54924,-0.01431,0.12179,0.27685,
1669185284740855808,-0.40789,-1.55617,0.58248,0.36137,-0.36555,0.67882,-0.52439,-0.01028,0.11507,0.25722,
1669185284840755968,-0.40928,-1.54458,0.61249,0.37371,-0.38104,0.66386,-0.52386,-0.08469,0.16765,0.29360,
1669185284940657920,-0.41170,-1.53046,0.63532,0.39832,-0.38582,0.63741,-0.53497,0.01024,0.15197,0.17323,
1669185285040559360,-0.40421,-1.51994,0.64915,0.40815,-0.40387,0.63609,-0.51544,0.09662,0.11981,0.11073,
1669185285140461312,-0.39288,-1.50555,0.66536,0.41368,-0.42496,0.63280,-0.49784,0.13217,0.17064,0.18781,
1669185285240361984,-0.37884,-1.48711,0.68684,0.43259,-0.44012,0.60875,-0.49859,0.14677,0.15548,0.22157,
1669185285340262656,-0.36474,-1.47176,0.70597,0.44787,-0.44802,0.59330,-0.49667,0.18495,0.13107,0.20269,
1669185285440163328,-0.34295,-1.45916,0.72515,0.44781,-0.46380,0.59300,-0.48239,0.22235,0.07856,0.21134,
1669185285540062464,-0.32096,-1.44805,0.74840,0.44607,-0.48024,0.59062,-0.47070,0.20262,0.10197,0.25736,
1669185285639962112,-0.30094,-1.43758,0.77407,0.44957,-0.48817,0.57815,-0.47468,0.19874,0.13262,0.26545,
1669185285739860224,-0.28342,-1.42457,0.79821,0.45873,-0.49722,0.55896,-0.47948,0.17757,0.09422,0.24426,
1669185285839759872,-0.27150,-1.40415,0.82620,0.45897,-0.50757,0.54619,-0.48311,0.18295,0.12381,0.25043,
1669185285939662336,-0.25282,-1.39170,0.84777,0.45899,-0.51632,0.53866,-0.48228,0.19593,0.09587,0.18097,
1669185286039563520,-0.23956,-1.38257,0.86151,0.45156,-0.51889,0.54703,-0.47707,0.15863,0.10575,0.11889,
1669185286139465216,-0.23332,-1.36588,0.87030,0.45018,-0.51694,0.54559,-0.48212,0.13379,0.13879,-0.01423,
1669185286239365888,-0.22009,-1.35065,0.85916,0.45158,-0.51352,0.53941,-0.49134,0.13776,0.13006,-0.21365,
1669185286339266816,-0.20718,-1.33704,0.83212,0.47058,-0.50415,0.52807,-0.49551,0.14845,0.11032,-0.36679,
1669185286439166208,-0.19866,-1.32096,0.79697,0.47458,-0.49409,0.53341,-0.49610,0.17163,0.09895,-0.48085,
1669185286539066112,-0.19730,-1.30364,0.75438,0.46304,-0.48707,0.55527,-0.48993,0.14636,0.11787,-0.51537,
1669185286638965760,-0.17845,-1.28683,0.70696,0.46729,-0.49410,0.55467,-0.47942,0.14630,0.18505,-0.43814,
1669185286738863872,-0.18221,-1.26237,0.67032,0.48912,-0.49879,0.53543,-0.47465,0.11094,0.16587,-0.41362,
1669185286838763008,-0.18717,-1.23467,0.63451,0.49921,-0.50477,0.52687,-0.46734,0.07696,0.20282,-0.38935,
1669185286938668544,-0.19629,-1.20783,0.60209,0.51985,-0.50706,0.51544,-0.45493,0.03853,0.19918,-0.33867,
1669185287038574336,-0.21185,-1.17879,0.57196,0.53997,-0.51876,0.50164,-0.43321,0.01564,0.20020,-0.31580,
1669185287138480384,-0.21796,-1.15137,0.54429,0.55178,-0.53751,0.49303,-0.40441,-0.03196,0.24531,-0.21504,
1669185287238384640,-0.23526,-1.11763,0.52732,0.57939,-0.54859,0.46209,-0.38708,-0.08111,0.28848,-0.12809,
1669185287338289920,-0.24534,-1.08425,0.51758,0.60259,-0.56104,0.43363,-0.36618,-0.09363,0.33781,-0.06636,
1669185287438193920,-0.25544,-1.04581,0.51624,0.61888,-0.57627,0.40417,-0.34864,-0.06381,0.35862,0.03373,
1669185287538098688,-0.26492,-1.00292,0.52512,0.63689,-0.59043,0.36883,-0.33125,-0.02060,0.40106,0.09064,
1669185287638001920,-0.27379,-0.95796,0.53630,0.64633,-0.60400,0.34147,-0.31756,-0.01231,0.44156,0.08495,
1669185287737905920,-0.27769,-0.91027,0.54419,0.66430,-0.61074,0.31096,-0.29834,-0.02695,0.49774,0.08188,
1669185287837809664,-0.28612,-0.86161,0.55172,0.68606,-0.61611,0.27469,-0.27255,0.01143,0.51878,0.04224,
1669185287937753856,-0.28991,-0.81303,0.55355,0.68808,-0.63441,0.25553,-0.24245,0.05309,0.50503,-0.01281,
1669185288037699584,-0.28753,-0.76369,0.55065,0.68199,-0.65601,0.24342,-0.21280,0.03070,0.50863,-0.01257,
1669185288137645312,-0.29399,-0.71751,0.54936,0.68307,-0.67083,0.22029,-0.18675,0.01396,0.49081,-0.00196,
1669185288237592832,-0.28890,-0.67027,0.54898,0.68957,-0.67721,0.19657,-0.16505,0.01645,0.47661,0.02445,
1669185288337542400,-0.28536,-0.62779,0.55149,0.70342,-0.67691,0.16627,-0.13907,0.00754,0.48089,0.01033,
1669185288437491200,-0.28669,-0.58638,0.55278,0.70960,-0.67878,0.14538,-0.12075,0.01965,0.44196,0.01460,
1669185288537442560,-0.28290,-0.54984,0.55693,0.71631,-0.67836,0.12513,-0.10524,-0.01621,0.39584,0.02220,
1669185288637393920,-0.28345,-0.51577,0.56137,0.71980,-0.68107,0.10385,-0.08512,-0.05640,0.35028,0.03134,
1669185288737347584,-0.28363,-0.48376,0.56751,0.71992,-0.68499,0.09030,-0.06590,-0.07549,0.32512,0.05556,
1669185288837301504,-0.28807,-0.45231,0.57502,0.72660,-0.68201,0.06951,-0.04565,-0.07025,0.31570,0.07672,
1669185288937216256,-0.29146,-0.42424,0.58160,0.73171,-0.67980,0.04596,-0.01889,-0.02707,0.31951,0.03665,
1669185289037131264,-0.29305,-0.39597,0.58313,0.72329,-0.68973,0.03294,0.00625,0.00369,0.28231,0.00846,
1669185289137045504,-0.29357,-0.36649,0.58419,0.72339,-0.68945,0.01350,0.03435,0.01769,0.19092,0.03603,
1669185289236960768,-0.29340,-0.35514,0.58854,0.74762,-0.66086,-0.00369,0.06568,0.01676,0.11230,0.02106,
1669185289336874752,-0.28777,-0.34055,0.58913,0.74946,-0.65655,-0.01120,0.08442,0.04803,0.10028,-0.04508,
1669185289436789760,-0.27801,-0.32740,0.58736,0.72703,-0.68075,-0.01242,0.08859,0.06271,0.04590,-0.03637,
1669185289536703744,-0.26645,-0.31413,0.58778,0.72390,-0.68032,-0.02616,0.11160,0.08370,-0.01296,-0.01988,
1669185289636618496,-0.25305,-0.30699,0.58821,0.72912,-0.66890,-0.04122,0.13878,0.11802,-0.06849,-0.00735,
1669185289736533504,-0.23539,-0.31106,0.58861,0.72774,-0.66555,-0.05171,0.15734,0.16978,-0.10249,-0.01018,
1669185289836447232,-0.21605,-0.30735,0.58856,0.71238,-0.68126,-0.05815,0.15817,0.14159,-0.07348,-0.01131,
1669185289936362496,-0.19796,-0.30169,0.58385,0.68872,-0.70245,-0.07023,0.16521,0.10840,-0.03257,-0.05704,
1669185290036276224,-0.18608,-0.30210,0.57521,0.66838,-0.71831,-0.07363,0.17855,0.06073,-0.04567,-0.06296,
1669185290136191488,-0.18258,-0.30980,0.56781,0.65915,-0.72302,-0.07347,0.19328,0.01379,-0.08778,-0.03888,
1669185290236106240,-0.18223,-0.31187,0.56555,0.66543,-0.71808,-0.06818,0.19213,0.00929,-0.11150,-0.01528,
1669185290336019968,-0.18354,-0.31206,0.56220,0.66859,-0.71857,-0.05808,0.18242,-0.02239,-0.10827,-0.03582,
1669185290435934464,-0.18884,-0.31959,0.55935,0.66764,-0.72461,-0.04286,0.16540,-0.08487,-0.11426,-0.00842,
1669185290535848448,-0.20390,-0.32242,0.55847,0.67005,-0.72557,-0.03443,0.15293,-0.17393,-0.09252,0.00427,
1669185290635762688,-0.22778,-0.32203,0.55874,0.66239,-0.73613,-0.02597,0.13666,-0.23584,-0.03588,-0.02405,
1669185290735676416,-0.25344,-0.31920,0.55657,0.65276,-0.74716,-0.02445,0.12269,-0.26483,-0.00580,-0.01611,
1669185290835590656,-0.28167,-0.31497,0.55425,0.65501,-0.74520,-0.03358,0.12046,-0.23839,0.02390,-0.04439,
1669185290935502592,-0.30523,-0.31160,0.54649,0.65204,-0.74820,-0.03287,0.11814,-0.20043,0.04739,-0.10526,
1669185291035412992,-0.32359,-0.30552,0.53361,0.64287,-0.75504,-0.03293,0.12474,-0.14056,0.04447,-0.13481,
1669185291135324416,-0.33761,-0.30608,0.51943,0.63927,-0.75636,-0.02993,0.13550,-0.08199,0.02854,-0.15552,
1669185291235234816,-0.34297,-0.31051,0.50311,0.63989,-0.75189,-0.03506,0.15485,0.03372,0.00106,-0.17095,
1669185291335145472,-0.33852,-0.31275,0.48412,0.65090,-0.73515,-0.04251,0.18458,0.08049,-0.00210,-0.20716,
1669185291435056128,-0.32810,-0.32429,0.46378,0.64968,-0.72868,-0.05352,0.20995,0.15037,-0.02156,-0.21883,
1669185291534965760,-0.31208,-0.33602,0.44405,0.64247,-0.72435,-0.07770,0.23771,0.18267,-0.04760,-0.20748,
1669185291634875904,-0.29343,-0.35247,0.42609,0.62790,-0.72370,-0.11087,0.26403,0.22440,-0.07770,-0.16999,
1669185291734785024,-0.26621,-0.36661,0.40918,0.61401,-0.72511,-0.13523,0.28091,0.30873,-0.06847,-0.16475,
1669185291834695168,-0.23471,-0.37976,0.39119,0.59937,-0.73563,-0.15168,0.27676,0.30177,-0.06606,-0.17501,
1669185291934609408,-0.20386,-0.38772,0.37347,0.58643,-0.74784,-0.15874,0.26766,0.26193,-0.00718,-0.13643,
1669185292034524928,-0.17596,-0.38301,0.36005,0.57841,-0.75653,-0.16739,0.25511,0.19631,0.09421,-0.12095,
1669185292134440192,-0.15585,-0.36816,0.34993,0.57692,-0.75722,-0.18323,0.24537,0.14061,0.18927,-0.08302,
1669185292234354432,-0.13757,-0.34317,0.33909,0.58131,-0.75280,-0.18320,0.24861,0.15735,0.27612,-0.13031,
1669185292334269440,-0.11823,-0.31179,0.32595,0.59762,-0.74555,-0.17447,0.23784,0.19561,0.32972,-0.15394,
1669185292434183680,-0.09491,-0.27771,0.31084,0.62151,-0.73361,-0.16455,0.22014,0.23530,0.35654,-0.18336,
1669185292534098688,-0.06025,-0.23785,0.28917,0.62560,-0.73973,-0.14806,0.19872,0.28416,0.35342,-0.22708,
1669185292634012672,-0.02682,-0.21043,0.26942,0.61914,-0.75450,-0.12429,0.17875,0.28304,0.23276,-0.17031,
1669185292733927424,0.00395,-0.19756,0.25565,0.62086,-0.76140,-0.09411,0.16106,0.26596,0.09551,-0.11160,
1669185292833842176,0.03479,-0.19552,0.24487,0.62893,-0.76104,-0.06655,0.14437,0.26064,0.02995,-0.11975,
1669185292933762560,0.06515,-0.19704,0.23174,0.62223,-0.77154,-0.03353,0.12820,0.26977,-0.00301,-0.13920,
1669185293033683968,0.09104,-0.20384,0.21960,0.61005,-0.78403,-0.00702,0.11436,0.22233,-0.02861,-0.11151,
1669185293133604864,0.11233,-0.21178,0.21121,0.60979,-0.78434,0.01592,0.11273,0.19131,-0.02052,-0.08010,
1669185293233526784,0.13098,-0.21825,0.20585,0.61371,-0.77951,0.03688,0.11987,0.17058,-0.01614,-0.04089,
1669185293333448448,0.14587,-0.22346,0.20364,0.61102,-0.78129,0.05207,0.11629,0.12279,0.00035,-0.01373,
1669185293433369344,0.15450,-0.22474,0.20461,0.59807,-0.79284,0.05677,0.10250,0.07928,0.00169,0.01163,
1669185293533291520,0.16014,-0.23180,0.20794,0.60639,-0.78583,0.06034,0.10547,0.05783,-0.02718,-0.00006,
1669185293633212672,0.16474,-0.23932,0.20820,0.60767,-0.78393,0.06395,0.11000,0.03707,-0.05518,-0.02606,
1669185293733134848,0.16867,-0.24966,0.20681,0.59966,-0.78917,0.06638,0.11496,0.04086,-0.12690,0.00702,
1669185294133419776,0.18254,-0.30299,0.24968,0.63173,-0.76624,0.06482,0.09794,0.00470,-0.06528,0.13220,
1669185294166800640,0.18286,-0.30705,0.25437,0.63362,-0.76507,0.06171,0.09687,-0.00323,-0.06360,0.12912,
1669185294200181248,0.18303,-0.31076,0.25864,0.63459,-0.76473,0.05805,0.09549,-0.01306,-0.05680,0.11600,
1669185294233563136,0.18250,-0.31281,0.26247,0.63388,-0.76580,0.05382,0.09411,-0.02431,-0.05048,0.11058,
1669185294266944768,0.18155,-0.31398,0.26608,0.63312,-0.76691,0.04854,0.09301,-0.03423,-0.04933,0.10632,
1669185294333710080,0.17916,-0.31652,0.27251,0.63056,-0.77010,0.03881,0.08847,-0.03322,-0.04658,0.09859,
1669185294433861888,0.17545,-0.32222,0.28313,0.63763,-0.76450,0.01902,0.09277,-0.03963,-0.05973,0.11558,
1669185294534018560,0.17132,-0.33328,0.29539,0.66045,-0.74278,-0.01188,0.10928,-0.03936,-0.10880,0.11871,
1669185294634178048,0.16881,-0.34615,0.30398,0.68765,-0.71424,-0.04047,0.12392,-0.02098,-0.13983,0.08016,
1669185294734343168,0.16916,-0.35875,0.30870,0.71266,-0.68787,-0.05533,0.12608,0.01456,-0.10011,0.01539,
1669185294834511104,0.17088,-0.36625,0.30884,0.72107,-0.67797,-0.06497,0.12725,0.01201,-0.01782,-0.00363,
1669185294934491648,0.17191,-0.36833,0.30756,0.71246,-0.68653,-0.07061,0.12684,0.02004,0.02281,-0.04336,
1669185295034404864,0.17315,-0.36752,0.30445,0.70776,-0.69127,-0.07417,0.12541,0.00870,-0.01405,0.00222,
1669185295134318336,0.17140,-0.36975,0.30462,0.70207,-0.69607,-0.08125,0.12642,-0.00921,0.02012,-0.01829,
1669185295234232064,0.17165,-0.36982,0.30460,0.70053,-0.69582,-0.08922,0.13093,-0.01185,-0.02747,0.02448,
1669185295334144000,0.17227,-0.36689,0.30526,0.70518,-0.69110,-0.09442,0.12725,-0.02063,-0.02947,0.02477,
1669185295434057216,0.17044,-0.36882,0.30917,0.71694,-0.67830,-0.10331,0.12342,-0.04247,-0.04404,0.04517,
1669185295533968896,0.16897,-0.37045,0.31389,0.73414,-0.65960,-0.11044,0.11738,-0.02805,-0.01311,0.03578,
1669185295633881600,0.17014,-0.36646,0.31364,0.72791,-0.66802,-0.11035,0.10828,0.02788,0.05267,-0.04453,
1669185295733793024,0.17106,-0.36315,0.31351,0.72450,-0.67199,-0.11016,0.10675,-0.00087,-0.04552,0.03250,
1669185295833705472,0.17225,-0.36437,0.31332,0.72844,-0.66861,-0.10451,0.10684,-0.01400,0.03951,-0.07545,
1669185295933618432,0.17215,-0.35845,0.30687,0.70988,-0.69138,-0.09528,0.09473,-0.01577,0.01325,-0.02237,
1669185296033531392,0.16808,-0.35987,0.31117,0.71571,-0.68355,-0.10442,0.09808,-0.01565,-0.10533,0.09676,
1669185296133444864,0.16720,-0.36356,0.31564,0.72920,-0.66815,-0.10463,0.10433,0.07235,-0.03459,-0.02725,
1669185296233357312,0.16841,-0.36298,0.31477,0.73235,-0.66511,-0.09387,0.11170,-0.04305,0.01811,-0.00579,
1669185296333270016,0.16537,-0.35573,0.31493,0.71515,-0.68545,-0.09197,0.10131,-0.00381,0.10858,-0.04526,
1669185296433182720,0.16774,-0.35118,0.30898,0.68505,-0.71844,-0.08108,0.08932,-0.00086,-0.02905,-0.01883,
1669185296533093888,0.16614,-0.34946,0.31162,0.68659,-0.71526,-0.08705,0.09708,-0.02797,0.02715,0.00295,
1669185296633006080,0.16670,-0.34353,0.30538,0.67751,-0.72589,-0.07231,0.09397,0.03465,0.13448,-0.12246,
1669185296732916992,0.16437,-0.32600,0.29469,0.65142,-0.74866,-0.06706,0.10325,-0.04935,0.22150,-0.13208,
1669185296832828160,0.15425,-0.30376,0.28455,0.61666,-0.77397,-0.08045,0.11925,-0.12930,0.20907,-0.08022,
1669185296932747520,0.14195,-0.28573,0.27760,0.61083,-0.77336,-0.09279,0.14208,-0.12785,0.17542,-0.05364,
1669185297265824768,0.10769,-0.24914,0.25048,0.59205,-0.77517,-0.08785,0.20218,-0.04538,0.01257,-0.07987,
1669185297332440064,0.10651,-0.25217,0.24303,0.59463,-0.77209,-0.07974,0.20961,-0.00428,-0.02297,-0.09648,
1669185297365747200,0.10840,-0.25376,0.23838,0.59617,-0.77075,-0.07329,0.21249,0.00866,-0.03010,-0.12315,
1669185297432363008,0.10848,-0.25533,0.23050,0.59710,-0.76926,-0.05897,0.21961,0.01858,-0.03329,-0.12860,
1669185297532287232,0.10816,-0.25808,0.21951,0.60479,-0.76047,-0.04195,0.23271,-0.00452,-0.00801,-0.12918,
1669185297632211200,0.10656,-0.25666,0.20759,0.59865,-0.76113,-0.03381,0.24730,-0.01964,0.02752,-0.13655,
1669185297732134912,0.10478,-0.25305,0.19752,0.58722,-0.76639,-0.03063,0.25861,-0.01151,0.03504,-0.10334,
1669185298331575040,0.09747,-0.24456,0.18151,0.58450,-0.75975,-0.02253,0.28394,0.00189,-0.02082,-0.01300,
1669185298364874752,0.09998,-0.24614,0.18227,0.58594,-0.75872,-0.02140,0.28383,0.00447,-0.02092,-0.01211,
1669185298398175488,0.10192,-0.24658,0.18136,0.58707,-0.75753,-0.02051,0.28473,-0.00370,-0.02135,-0.00717,
1669185298431475200,0.10179,-0.24735,0.18106,0.58795,-0.75666,-0.02008,0.28526,-0.00365,-0.01690,-0.00969,
1669185298464775680,0.10166,-0.24774,0.18067,0.58823,-0.75655,-0.01950,0.28503,-0.00477,-0.01090,-0.01008,
1669185298498075136,0.10135,-0.24815,0.18040,0.58822,-0.75654,-0.01910,0.28510,-0.01014,-0.00737,-0.00826,
1669185298531375360,0.10097,-0.24828,0.18006,0.58836,-0.75628,-0.01924,0.28549,-0.01004,-0.00369,-0.00787,
1669185298564675072,0.10064,-0.24808,0.17960,0.58877,-0.75570,-0.01906,0.28619,-0.00714,-0.00009,-0.01056,
1669185298597975296,0.10039,-0.24812,0.17912,0.58902,-0.75527,-0.01843,0.28685,-0.00963,0.00263,-0.01456,
1669185298697874432,0.09862,-0.24751,0.17718,0.58712,-0.75581,-0.01877,0.28928,-0.02381,0.00595,-0.02284,
1669185298797773312,0.09596,-0.24608,0.17384,0.58179,-0.75846,-0.02100,0.29296,-0.01312,0.00778,-0.04099,
1669185298897677056,0.09465,-0.24563,0.17052,0.57787,-0.76011,-0.01986,0.29648,-0.01256,-0.00862,-0.01540,
1669185298997578496,0.09413,-0.24705,0.16967,0.57824,-0.75978,-0.01937,0.29664,0.00063,-0.01608,-0.00071,
1669185299097480192,0.09636,-0.24773,0.16885,0.57874,-0.75924,-0.01858,0.29710,0.00735,-0.01569,-0.00117,
1669185299164080896,0.09666,-0.24823,0.16900,0.57878,-0.75937,-0.01784,0.29675,0.00890,-0.01661,0.00605,
1669185299263980288,0.09738,-0.24935,0.16989,0.58082,-0.75811,-0.01689,0.29603,0.00764,-0.01626,0.00950,
1669185299663577856,0.10258,-0.25183,0.16889,0.58068,-0.75934,-0.01175,0.29339,0.01464,-0.01174,-0.00098,
1669185299696876800,0.10285,-0.25138,0.16862,0.58074,-0.75947,-0.01159,0.29294,0.01376,-0.01026,-0.00057,
1669185299730176512,0.10458,-0.25154,0.16812,0.58048,-0.75958,-0.01174,0.29316,0.01370,-0.00748,-0.00155,
1669185299763475456,0.10476,-0.25160,0.16815,0.58051,-0.75963,-0.01130,0.29298,0.00850,-0.00703,0.00207,
1669185299796774912,0.10499,-0.25180,0.16815,0.58072,-0.75946,-0.01130,0.29301,0.00708,-0.00527,0.00054,
1669185299830073600,0.10517,-0.25191,0.16814,0.58069,-0.75963,-0.01106,0.29263,0.00735,-0.00346,-0.00080,
1669185299930193408,0.10557,-0.25183,0.16772,0.58033,-0.75991,-0.01047,0.29264,0.00345,0.00099,-0.00716,
1669185300031235584,0.10535,-0.25149,0.16734,0.57943,-0.76043,-0.01035,0.29308,-0.00257,-0.00330,0.00553,
1669185300132299776,0.10531,-0.25144,0.16767,0.58061,-0.75942,-0.01008,0.29339,0.00179,-0.00103,0.00416,
1669185300233384960,0.10576,-0.25136,0.16800,0.58191,-0.75851,-0.00976,0.29316,0.01167,0.00082,0.00283,
1669185300334490624,0.10699,-0.25133,0.16793,0.58558,-0.75545,-0.00937,0.29378,0.00568,0.00279,-0.00633,
1669185300401906176,0.10737,-0.25150,0.16724,0.58612,-0.75547,-0.01047,0.29261,0.00057,0.00646,-0.01587,
1669185300503048448,0.10740,-0.25005,0.16508,0.58228,-0.75857,-0.01373,0.29212,-0.00404,0.01248,-0.02553,
1669185300604210432,0.10722,-0.24834,0.16267,0.57811,-0.76206,-0.01684,0.29115,0.00601,0.01235,-0.02555,
1669185300705394688,0.10824,-0.24704,0.16043,0.57506,-0.76458,-0.01591,0.29064,0.01667,0.00665,-0.01453,
1669185300806600192,0.10996,-0.24701,0.16004,0.57561,-0.76443,-0.01353,0.29006,0.01849,-0.00406,0.00862,
1669185300908072960,0.11240,-0.24765,0.16011,0.57773,-0.76323,-0.01145,0.28911,0.02339,-0.00918,-0.00586,
1669185300974596864,0.11370,-0.24892,0.15991,0.57933,-0.76217,-0.00837,0.28878,0.01785,-0.01484,0.00064,
1669185301074380032,0.11479,-0.25090,0.15977,0.58287,-0.75956,-0.00634,0.28861,0.00529,-0.01200,-0.00553,
1669185301174159104,0.11536,-0.25214,0.15909,0.58373,-0.75887,-0.00444,0.28873,-0.00072,-0.00352,-0.00400,
1669185301273935104,0.11423,-0.25381,0.15891,0.58448,-0.75815,-0.00339,0.28910,-0.00607,-0.00180,-0.00032,
1669185301373707520,0.11333,-0.25427,0.15853,0.58687,-0.75609,-0.00298,0.28964,-0.00589,-0.00324,-0.01066,
1669185301473475584,0.11320,-0.25503,0.15629,0.59126,-0.75143,0.00010,0.29284,0.00165,-0.00349,-0.03715,
1669185301573241088,0.11382,-0.25551,0.14920,0.59274,-0.74927,0.00553,0.29532,0.02395,-0.00282,-0.11184,
1669185301639748864,0.11679,-0.25523,0.14024,0.59362,-0.74677,0.01041,0.29974,0.04642,-0.01534,-0.16115,
1669185301739507456,0.12275,-0.25757,0.11947,0.60197,-0.73889,0.02369,0.30186,0.06996,-0.03467,-0.23364,
1669185301839262976,0.13093,-0.26305,0.09311,0.61670,-0.72640,0.04300,0.30029,0.08736,-0.02856,-0.28160,
1669185301939046144,0.14022,-0.26289,0.06423,0.61396,-0.72994,0.06222,0.29388,0.10060,0.00329,-0.27233,
1669185302038827776,0.15141,-0.26200,0.03801,0.60593,-0.73898,0.07570,0.28466,0.11485,0.01614,-0.21121,
1669185302138607104,0.16325,-0.26125,0.01779,0.61018,-0.73577,0.08763,0.28044,0.12101,0.02060,-0.19285,
1669185302238381312,0.17449,-0.25738,-0.00159,0.61138,-0.73469,0.10115,0.27605,0.12053,0.02947,-0.19560,
1669185302304896000,0.18205,-0.25487,-0.01390,0.60946,-0.73536,0.10934,0.27542,0.11584,0.02655,-0.17161,
1669185302404665344,0.19400,-0.25187,-0.03031,0.60451,-0.73916,0.11945,0.27194,0.12736,0.01774,-0.13774,
1669185302504430336,0.20651,-0.24931,-0.04130,0.60228,-0.74107,0.12936,0.26709,0.13578,-0.00453,-0.08301,
1669185302604192512,0.21917,-0.25022,-0.04777,0.60734,-0.73747,0.13907,0.26066,0.12324,-0.01648,-0.05983,
1669185302703950848,0.22937,-0.25107,-0.05415,0.60571,-0.73925,0.14710,0.25495,0.08366,-0.00049,-0.06333,
1669185302803704832,0.23378,-0.24826,-0.05783,0.60384,-0.74047,0.15308,0.25227,0.04373,0.02088,-0.03828,
1669185302903456000,0.23708,-0.24521,-0.06121,0.60129,-0.74304,0.15427,0.25009,0.04078,0.02558,-0.04331,
1669185303003227648,0.24110,-0.24548,-0.06454,0.60026,-0.74194,0.15792,0.25353,0.03761,-0.00052,-0.03820,
1669185303069745408,0.24318,-0.24564,-0.06697,0.59842,-0.74257,0.16168,0.25365,0.03556,-0.01544,-0.03256,
1669185303169518848,0.24613,-0.24709,-0.06959,0.59850,-0.74165,0.16643,0.25308,0.03248,-0.01844,-0.02662,
1669185303269288704,0.24855,-0.24782,-0.07247,0.59659,-0.74248,0.16882,0.25358,0.02252,-0.01091,-0.02735,
1669185303369054208,0.25017,-0.24811,-0.07510,0.59491,-0.74324,0.17040,0.25426,0.01245,-0.00672,-0.01889,
1669185303468816640,0.25042,-0.24787,-0.07678,0.59301,-0.74499,0.17020,0.25372,-0.00445,0.00230,-0.01377,
1669185303568574464,0.24937,-0.24711,-0.07807,0.59093,-0.74638,0.16994,0.25462,-0.01240,0.00260,-0.01042,
1669185303668329728,0.24777,-0.24663,-0.07896,0.59026,-0.74671,0.17007,0.25513,-0.01401,0.00387,-0.00963,
1669185303734830848,0.24656,-0.24671,-0.07922,0.58895,-0.74774,0.16989,0.25524,-0.01159,0.00357,-0.01259,
1669185303834579968,0.24585,-0.24658,-0.08004,0.58682,-0.75035,0.16861,0.25336,-0.00178,-0.00505,-0.00721,
1669185303934340352,0.24597,-0.24687,-0.08146,0.58556,-0.75191,0.16806,0.25200,-0.00127,-0.00104,-0.01536,
1669185304034112000,0.24614,-0.24704,-0.08323,0.58312,-0.75627,0.16635,0.24569,0.00626,0.00238,-0.02321,
1669185304133891328,0.24790,-0.24629,-0.08543,0.57945,-0.76372,0.16530,0.23163,0.02414,0.01574,-0.00442,
1669185304233667584,0.25052,-0.24468,-0.08363,0.58490,-0.76810,0.15714,0.20790,0.03437,0.02270,0.03044,
1669185304333439488,0.25436,-0.24205,-0.07980,0.58926,-0.77232,0.14990,0.18389,0.02319,0.02684,0.02069,
1669185304399953664,0.25169,-0.24072,-0.07751,0.59143,-0.77487,0.14662,0.16822,-0.06738,0.00525,0.05957,
1669185304499719680,0.24700,-0.23951,-0.07556,0.59982,-0.77396,0.13474,0.15181,-0.02777,0.01748,0.02160,
1669185304599483136,0.24463,-0.24080,-0.07312,0.60320,-0.77445,0.12943,0.14006,-0.01446,-0.02001,0.02999,
1669185304699241984,0.24442,-0.24542,-0.07150,0.61075,-0.77069,0.13210,0.12480,0.01335,-0.05534,-0.00620,
1669185304798998272,0.24630,-0.25210,-0.07469,0.61936,-0.76274,0.14185,0.12041,0.01097,-0.04755,-0.04705,
1669185304898749952,0.24626,-0.25604,-0.07864,0.61724,-0.76253,0.14958,0.12327,-0.01686,-0.01181,-0.02054,
1669185304998524160,0.24541,-0.25662,-0.07883,0.61541,-0.76418,0.14822,0.12380,-0.00682,0.00274,-0.00236,
1669185305098302720,0.24510,-0.25644,-0.07956,0.61481,-0.76382,0.14920,0.12776,-0.01192,0.00968,-0.01827,
1669185305164819456,0.24433,-0.25574,-0.08092,0.61239,-0.76510,0.14974,0.13106,-0.01745,0.01564,-0.01945,
1669185305264591104,0.24280,-0.25355,-0.08275,0.60739,-0.76894,0.14782,0.13400,-0.01610,0.02277,-0.00750,
1669185305364360192,0.24103,-0.25167,-0.08275,0.60445,-0.77161,0.14483,0.13520,-0.01486,0.02055,-0.00013,
1669185305464124160,0.23991,-0.25025,-0.08327,0.60163,-0.77384,0.14365,0.13631,-0.01088,0.01194,-0.00687,
1669185305563885568,0.23900,-0.24990,-0.08426,0.59955,-0.77480,0.14504,0.13854,-0.00327,0.00221,-0.00388,
1669185305663643904,0.23924,-0.25059,-0.08410,0.60046,-0.77415,0.14586,0.13732,0.00626,-0.00151,0.00117,
1669185305763397120,0.24029,-0.25130,-0.08416,0.60161,-0.77303,0.14565,0.13884,0.00454,-0.00055,0.00339,
1669185305829897728,0.24035,-0.25161,-0.08398,0.60160,-0.77303,0.14549,0.13906,-0.00565,0.00099,0.00099,
1669185305929654784,0.23973,-0.25163,-0.08419,0.60127,-0.77299,0.14638,0.13977,-0.01109,0.00595,0.00077,
1669185306029447424,0.23855,-0.25147,-0.08381,0.60174,-0.77237,0.14684,0.14064,-0.01428,0.00937,0.00076,
1669185306129242624,0.23784,-0.25094,-0.08391,0.60206,-0.77188,0.14687,0.14198,-0.00662,0.01301,-0.00484,
1669185306229033728,0.23722,-0.25000,-0.08434,0.60027,-0.77331,0.14597,0.14271,-0.00616,0.00844,-0.00040,
1669185306328822528,0.23689,-0.24993,-0.08453,0.60030,-0.77316,0.14638,0.14297,-0.00233,0.00337,-0.00153,
1669185306428608256,0.23691,-0.25072,-0.08441,0.60028,-0.77301,0.14653,0.14371,-0.00198,0.00241,-0.00218,
1669185306495129600,0.23695,-0.25079,-0.08442,0.60023,-0.77306,0.14633,0.14384,-0.00034,0.00146,0.00262,
