1669185243274190080,0.00050,0.00706,0.03448,0.71245,-0.69726,0.03449,0.07110,
1669185243374101760,-0.00471,0.01619,0.03255,0.68774,-0.72134,0.02769,0.07687,
1669185243474013184,-0.01253,0.02270,0.03492,0.67190,-0.73620,0.02267,0.07777,
1669185243573923328,-0.02273,0.02665,0.04273,0.65669,-0.74948,0.02128,0.08122,
1669185243673834240,-0.03829,0.02475,0.06186,0.65212,-0.75381,0.01265,0.07969,
1669185243773744128,-0.05396,0.02528,0.08946,0.64979,-0.75632,0.00499,0.07562,
1669185243873658368,-0.07143,0.02534,0.12298,0.65015,-0.75625,0.00367,0.07332,
1669185243973573120,-0.09003,0.02545,0.15414,0.64058,-0.76482,-0.00451,0.06842,
1669185244073486848,-0.10434,0.02354,0.17994,0.64394,-0.76188,-0.00274,0.06972,
1669185244173401088,-0.11727,0.02059,0.19905,0.65042,-0.75632,-0.00631,0.06993,
1669185244273314560,-0.12953,0.01578,0.21282,0.64792,-0.75841,-0.01583,0.06899,
1669185244373228544,-0.14050,0.01092,0.22617,0.64848,-0.75739,-0.02743,0.07124,
1669185244473141760,-0.15237,0.00396,0.23699,0.64618,-0.75772,-0.04120,0.08139,
1669185244573055488,-0.16557,-0.00449,0.24726,0.64817,-0.75287,-0.05856,0.09815,
1669185244672969216,-0.18015,-0.01510,0.25627,0.65662,-0.74039,-0.07603,0.12203,
1669185244772881664,-0.19705,-0.02513,0.26266,0.66409,-0.72838,-0.09113,0.14194,
1669185244872809984,-0.21632,-0.03905,0.26768,0.65933,-0.72837,-0.10559,0.15367,
1669185244972738304,-0.23878,-0.05234,0.27788,0.65863,-0.72459,-0.11351,0.16820,
1669185245072668160,-0.26080,-0.06805,0.29025,0.66390,-0.71709,-0.11342,0.17931,
1669185245172598016,-0.28344,-0.08477,0.30204,0.66860,-0.71180,-0.11064,0.18456,
1669185245372458496,-0.33145,-0.11761,0.31856,0.66657,-0.71632,-0.11830,0.16906,
1669185245572320000,-0.38002,-0.15528,0.33711,0.66581,-0.72361,-0.11888,0.13763,
1669185245672250880,-0.40493,-0.17512,0.35138,0.66429,-0.72906,-0.11973,0.11338,
1669185245772183296,-0.42625,-0.19740,0.36455,0.66314,-0.73384,-0.11636,0.09045,
1669185245872101120,-0.44500,-0.22079,0.37716,0.67094,-0.72930,-0.11022,0.07621,
1669185245972016128,-0.45827,-0.24315,0.38391,0.67107,-0.73147,-0.10203,0.06484,
1669185246271762688,-0.50105,-0.29395,0.38748,0.67487,-0.72532,-0.11150,0.07763,
1669185246371677184,-0.52168,-0.31291,0.38559,0.67884,-0.71621,-0.12724,0.10014,
1669185246471592704,-0.54359,-0.33377,0.38448,0.67797,-0.70808,-0.14875,0.12982,
1669185246571508224,-0.56668,-0.35642,0.38546,0.67356,-0.69892,-0.17304,0.16700,
1669185246671422464,-0.59319,-0.37879,0.38737,0.66795,-0.69032,-0.19748,0.19574,
1669185246771337472,-0.62195,-0.39831,0.38849,0.65932,-0.68600,-0.21982,0.21535,
1669185246871249920,-0.65146,-0.41661,0.39094,0.65150,-0.68037,-0.24498,0.22942,
1669185246971163136,-0.68156,-0.43108,0.39440,0.65075,-0.66617,-0.26504,0.24998,
1669185247071075840,-0.71181,-0.44449,0.39473,0.64846,-0.65601,-0.27803,0.26804,
1669185247170987776,-0.74632,-0.45893,0.39430,0.64524,-0.65001,-0.28599,0.28172,
1669185247270900480,-0.78509,-0.47049,0.39434,0.64412,-0.64380,-0.28992,0.29424,
1669185247370811648,-0.82568,-0.48125,0.39334,0.64264,-0.64062,-0.29724,0.29710,
1669185247570635264,-0.89241,-0.49063,0.39012,0.64618,-0.63321,-0.29742,0.30502,
1669185247770458880,-0.92858,-0.48827,0.39246,0.64868,-0.63833,-0.28646,0.29948,
1669185247870372096,-0.92855,-0.48558,0.39596,0.64694,-0.64707,-0.28282,0.28773,
1669185247970286336,-0.92390,-0.49263,0.40065,0.64615,-0.65293,-0.28187,0.27699,
1669185248170113792,-0.90683,-0.51261,0.40528,0.63213,-0.66417,-0.29697,0.26663,
1669185248270027776,-0.90396,-0.51968,0.40775,0.62613,-0.66562,-0.30061,0.27302,
1669185248369940736,-0.90131,-0.52282,0.40737,0.62259,-0.66297,-0.30134,0.28642,
1669185248469854464,-0.89986,-0.52354,0.40698,0.61751,-0.66157,-0.30898,0.29246,
1669185248569766656,-0.89874,-0.51941,0.40397,0.60662,-0.66876,-0.30964,0.29814,
1669185248669680384,-0.90119,-0.51338,0.40270,0.59791,-0.67281,-0.31470,0.30130,
1669185248769592832,-0.90674,-0.50887,0.40663,0.59094,-0.67408,-0.31194,0.31482,
1669185248869511424,-0.91897,-0.50362,0.40418,0.57441,-0.68340,-0.32440,0.31270,
1669185248969431296,-0.93501,-0.49817,0.40213,0.56902,-0.68573,-0.33955,0.30117,
1669185249069350144,-0.94959,-0.49102,0.40569,0.57332,-0.68023,-0.33305,0.31253,
1669185249169270272,-0.96370,-0.48232,0.41243,0.58222,-0.67348,-0.31196,0.33184,
1669185249269189120,-0.98660,-0.46817,0.41576,0.59141,-0.67074,-0.29755,0.33437,
1669185249469028096,-1.04978,-0.43739,0.42050,0.60772,-0.66881,-0.28511,0.31950,
1669185249668867840,-1.12140,-0.40996,0.42619,0.61722,-0.66545,-0.28430,0.30885,
1669185249968619520,-1.23671,-0.36868,0.43223,0.61036,-0.67887,-0.27078,0.30540,
1669185250068536064,-1.26945,-0.35929,0.42693,0.62996,-0.66993,-0.27575,0.27983,
1669185250268368128,-1.30850,-0.35166,0.40340,0.63833,-0.66462,-0.30244,0.24360,
1669185250368284160,-1.32189,-0.34928,0.39384,0.63155,-0.67198,-0.30764,0.23441,
1669185250468199168,-1.32551,-0.34889,0.38934,0.61842,-0.68069,-0.30457,0.24790,
1669185250568115200,-1.32364,-0.35234,0.38696,0.60499,-0.68968,-0.30147,0.25971,
1669185250967786240,-1.27468,-0.38587,0.38107,0.59878,-0.68554,-0.31140,0.27300,
1669185251267548672,-1.20857,-0.44604,0.39996,0.59372,-0.68049,-0.31772,0.28893,
1669185251367470080,-1.18995,-0.47393,0.40950,0.60323,-0.65621,-0.32589,0.31511,
1669185251467389952,-1.17250,-0.49609,0.41685,0.60796,-0.63883,-0.32548,0.34109,
1669185251567311360,-1.16207,-0.50784,0.41962,0.58951,-0.64573,-0.33249,0.35351,
1669185251667231488,-1.15613,-0.52073,0.42153,0.57436,-0.64930,-0.34173,0.36296,
1669185251767152640,-1.15529,-0.53515,0.42672,0.57171,-0.63693,-0.34866,0.38198,
1669185251867083008,-1.16040,-0.54936,0.43154,0.56713,-0.63175,-0.35947,0.38734,
1669185251967017984,-1.16878,-0.56739,0.43550,0.55889,-0.62211,-0.37494,0.40005,
1669185252066953216,-1.18201,-0.58494,0.43977,0.55345,-0.60637,-0.39261,0.41457,
1669185252166888192,-1.19887,-0.59816,0.43902,0.54328,-0.59705,-0.41346,0.42122,
1669185252266824704,-1.21718,-0.60939,0.43346,0.52867,-0.58608,-0.42357,0.44452,
1669185252366760960,-1.24397,-0.62069,0.42692,0.51346,-0.57840,-0.43671,0.45944,
1669185252466698752,-1.27294,-0.63404,0.42116,-0.49912,0.57250,0.45389,-0.46594,
1669185252566637312,-1.29818,-0.64698,0.41840,-0.49046,0.55895,0.45756,-0.48752,
1669185252666575104,-1.32765,-0.66084,0.41894,-0.48687,0.54215,0.46218,-0.50539,
1669185252766514432,-1.35892,-0.67725,0.42021,-0.48079,0.53033,0.47637,-0.51055,
1669185252866436096,-1.39464,-0.69894,0.42254,-0.47262,0.51713,0.49332,-0.51560,
1669185252966353152,-1.42948,-0.71851,0.42399,0.46629,-0.50399,-0.50783,0.52026,
1669185253066269952,-1.46105,-0.73619,0.42317,0.45426,-0.49529,-0.52305,0.52417,
1669185253166187008,-1.49777,-0.75544,0.41995,-0.43541,0.49109,0.53606,-0.53094,
1669185253266104320,-1.52561,-0.76949,0.41583,-0.42113,0.48427,0.54954,-0.53491,
1669185253366020352,-1.54840,-0.78890,0.41287,-0.40815,0.47198,0.56027,-0.54474,
1669185253465937920,-1.57195,-0.80965,0.40999,-0.39120,0.46082,0.56621,-0.56036,
1669185253565853952,-1.58852,-0.82890,0.40531,-0.37500,0.45235,0.57794,-0.56634,
1669185253665771264,-1.59599,-0.84519,0.40154,-0.36294,0.43810,0.58540,-0.57762,
1669185253765687552,-1.60079,-0.85457,0.39708,-0.35314,0.43638,0.59030,-0.58001,
1669185253965519104,-1.60324,-0.84749,0.40128,-0.36001,0.43443,0.58504,-0.58258,
1669185254065433856,-1.60582,-0.83179,0.40472,-0.36355,0.44378,0.58623,-0.57203,
1669185254165349376,-1.60543,-0.80769,0.41506,-0.36549,0.46601,0.59140,-0.54726,
1669185254265263616,-1.59909,-0.77835,0.43767,-0.37148,0.47743,0.58848,-0.53643,
1669185254365179136,-1.58989,-0.74550,0.46897,-0.38120,0.48701,0.58164,-0.52839,
1669185254465094400,-1.57825,-0.71102,0.50189,-0.39508,0.50960,0.57433,-0.50434,
1669185254565008384,-1.56221,-0.67794,0.53948,-0.40150,0.51808,0.55894,-0.50792,
1669185254664923392,-1.54921,-0.64691,0.58074,-0.41368,0.52971,0.55360,-0.49174,
1669185254764837376,-1.53889,-0.61869,0.62280,-0.42554,0.53890,0.56226,-0.46083,
1669185254864756224,-1.52976,-0.59330,0.66616,-0.43143,0.53449,0.56116,-0.46183,
1669185254964675584,-1.51727,-0.56721,0.70192,-0.44603,0.54143,0.55920,-0.44183,
1669185255064596480,-1.50034,-0.54237,0.73111,-0.44817,0.54613,0.55615,-0.43770,
1669185255164516864,-1.48317,-0.51663,0.75468,-0.46082,0.55555,0.54602,-0.42529,
1669185255264436480,-1.47093,-0.49226,0.77174,-0.46277,0.57361,0.54005,-0.40640,
1669185255364357120,-1.45786,-0.47131,0.78727,-0.46917,0.57454,0.54124,-0.39602,
1669185255464276736,-1.44666,-0.44828,0.79800,-0.47533,0.57976,0.53403,-0.39084,
1669185255564197632,-1.43171,-0.42555,0.80355,-0.47982,0.58483,0.52219,-0.39379,
1669185255664118016,-1.40861,-0.40258,0.80312,-0.49078,0.58621,0.50565,-0.39977,
1669185255764037888,-1.39037,-0.38370,0.79017,0.50156,-0.59606,-0.48871,0.39283,
1669185255863959552,-1.37104,-0.36300,0.77201,0.51497,-0.59573,-0.47537,0.39234,
1669185255963879936,-1.35667,-0.35215,0.74746,0.52254,-0.59721,-0.46451,0.39310,
1669185256063802112,-1.34264,-0.33538,0.71964,0.52141,-0.61163,-0.45310,0.38566,
1669185256163723264,-1.32839,-0.32346,0.69127,0.52469,-0.62042,-0.43907,0.38340,
1669185256263645184,-1.31478,-0.31322,0.66285,0.54208,-0.62088,-0.42021,0.37957,
1669185256363567360,-1.30441,-0.30188,0.63200,0.55826,-0.62170,-0.39802,0.37871,
1669185256463488512,-1.29676,-0.29150,0.60087,0.57655,-0.61768,-0.37460,0.38176,
1669185256563410944,-1.29269,-0.28180,0.56948,0.58860,-0.62730,-0.34720,0.37350,
1669185256663332096,-1.28388,-0.26867,0.53687,0.59333,-0.64828,-0.31483,0.35858,
1669185256763254528,-1.27692,-0.26252,0.51532,0.61460,-0.64811,-0.27992,0.35195,
1669185256863173888,-1.26432,-0.25857,0.49632,0.63714,-0.64863,-0.24975,0.33311,
1669185256963093760,-1.24299,-0.25731,0.47983,0.65913,-0.63783,-0.22050,0.33180,
1669185257063013376,-1.21296,-0.25704,0.46971,0.67242,-0.64873,-0.19217,0.30011,
1669185257162932224,-1.17630,-0.25486,0.46660,0.67675,-0.67239,-0.16390,0.25109,
1669185257262851840,-1.13600,-0.25339,0.46741,0.68185,-0.68710,-0.13503,0.21151,
1669185257362770432,-1.09306,-0.25105,0.47137,0.68421,-0.69945,-0.11065,0.17428,
1669185257462689792,-1.04240,-0.24730,0.47259,0.67896,-0.71471,-0.08837,0.14281,
1669185257562609664,-0.98367,-0.24707,0.47316,0.68223,-0.71817,-0.06495,0.12073,
1669185257662528256,-0.92484,-0.24784,0.47089,0.68280,-0.72216,-0.04413,0.10163,
1669185257762448128,-0.86772,-0.25277,0.46756,0.68596,-0.72150,-0.03081,0.08912,
1669185257862404864,-0.81972,-0.25542,0.46459,0.69493,-0.71342,-0.01970,0.08781,
1669185257962412800,-0.76892,-0.26196,0.45779,0.69584,-0.71353,-0.00899,0.08121,
1669185258062421504,-0.71833,-0.27135,0.45212,0.69310,-0.71811,0.00033,0.06270,
1669185258162433024,-0.66703,-0.28042,0.45089,0.69793,-0.71404,0.01196,0.05377,
1669185258262446336,-0.61567,-0.28622,0.44794,0.69096,-0.72111,0.03135,0.03991,
1669185258362459904,-0.56497,-0.29749,0.44508,0.68943,-0.72172,0.05481,0.02825,
1669185258462476288,-0.51758,-0.30569,0.44048,0.69257,-0.71714,0.07708,0.01124,
1669185258562493440,-0.47341,-0.31871,0.43391,0.68558,-0.72082,0.10120,-0.01294,
1669185258662513152,-0.43354,-0.33206,0.42802,0.68620,-0.71667,0.12119,-0.02877,
1669185258762534656,-0.39468,-0.34266,0.42258,0.68261,-0.71327,0.14770,-0.05904,
1669185258862490112,-0.36025,-0.35097,0.41973,0.67100,-0.71421,0.17487,-0.09529,
1669185258962416640,-0.33231,-0.36048,0.42022,0.66040,-0.71108,0.20287,-0.13070,
1669185259062342144,-0.31287,-0.36458,0.42148,0.64542,-0.70731,0.23547,-0.16641,
1669185259162269184,-0.29572,-0.37348,0.42232,0.62659,-0.70229,0.27440,-0.19719,
1669185259262194688,-0.28175,-0.38846,0.42866,0.59942,-0.70540,0.30893,-0.21834,
1669185259362121216,-0.26785,-0.40059,0.44609,0.57218,-0.71417,0.33400,-0.22586,
1669185259462048000,-0.25558,-0.41814,0.47074,0.53870,-0.72366,0.36106,-0.23611,
1669185259561973760,-0.24801,-0.44026,0.49678,0.50426,-0.72387,0.38652,-0.26895,
1669185259661901056,-0.24613,-0.46231,0.52142,0.50519,-0.70634,0.39690,-0.29723,
1669185259761826816,-0.24839,-0.48675,0.54579,0.52478,-0.68152,0.39836,-0.31850,
1669185259861746176,-0.24874,-0.51226,0.56768,0.52045,-0.67606,0.40734,-0.32580,
1669185259961653248,-0.24994,-0.54154,0.59109,0.51054,-0.67081,0.42445,-0.33045,
1669185260061561088,-0.25429,-0.57475,0.62024,0.51795,-0.65322,0.42802,-0.34903,
1669185260161468672,-0.26005,-0.60814,0.64792,0.51187,-0.63884,0.43935,-0.36991,
1669185260261374976,-0.26701,-0.63617,0.67322,0.51347,-0.62489,0.44680,-0.38240,
1669185260361281792,-0.27866,-0.66372,0.69225,0.50674,-0.61321,0.45998,-0.39448,
1669185260461187584,-0.29447,-0.68850,0.70949,0.50177,-0.60645,0.46984,-0.39962,
1669185260561094144,-0.30895,-0.71135,0.72422,-0.49686,0.60108,-0.48156,0.39993,
1669185260660999936,-0.31576,-0.73195,0.73321,-0.48648,0.59702,-0.49447,0.40300,
1669185260760904704,-0.32453,-0.75043,0.73647,-0.48627,0.58704,-0.50036,0.41057,
1669185260860816384,-0.33627,-0.76874,0.72841,-0.48937,0.57349,-0.50175,0.42411,
1669185261060647168,-0.34347,-0.79784,0.66918,-0.49384,0.55958,-0.51853,0.41728,
1669185261160561920,-0.34906,-0.80671,0.62819,-0.49028,0.56352,-0.52690,0.40551,
1669185261260477184,-0.35460,-0.81023,0.58564,-0.49054,0.56627,-0.53288,0.39339,
1669185261360392704,-0.36505,-0.81153,0.54296,-0.49316,0.56975,-0.53213,0.38603,
1669185261460307200,-0.37864,-0.81270,0.49747,-0.48814,0.57194,-0.53664,0.38291,
1669185261660136704,-0.40763,-0.80909,0.41956,-0.48792,0.55573,-0.54172,0.39955,
1669185261760051712,-0.42506,-0.80135,0.38966,0.50539,-0.54133,0.53407,-0.40782,
1669185261859973888,-0.44002,-0.79158,0.36181,0.50233,-0.53348,0.53792,-0.41678,
1669185261959900416,-0.45048,-0.77763,0.33122,0.47747,-0.54858,0.54931,-0.41152,
1669185262059827712,-0.46107,-0.76024,0.30557,-0.49587,0.54593,-0.53667,0.40994,
1669185262159754752,-0.47363,-0.74587,0.27352,-0.49377,0.55171,-0.54354,0.39544,
1669185262259682304,-0.49139,-0.73524,0.24142,-0.47779,0.55510,-0.55478,0.39470,
1669185262359609344,-0.51278,-0.73132,0.21010,0.46731,-0.55067,0.57060,-0.39090,
1669185262459537152,-0.53725,-0.73204,0.18440,0.46314,-0.53642,0.58778,-0.39022,
1669185262559465216,-0.56145,-0.73690,0.16502,0.46033,-0.52034,0.59896,-0.39823,
1669185262659392256,-0.58539,-0.74518,0.15355,0.46681,-0.50048,0.60037,-0.41373,
1669185262759329792,-0.61142,-0.75762,0.14478,0.47038,-0.47901,0.60263,-0.43142,
1669185262859236352,-0.64054,-0.77506,0.13452,0.46374,-0.46221,0.61125,-0.44461,
1669185262959143680,-0.67042,-0.79639,0.13164,0.46082,-0.44829,0.61879,-0.45143,
1669185263059050240,-0.70276,-0.81721,0.12459,0.44744,-0.44267,0.62684,-0.45926,
1669185263158955776,-0.73502,-0.83686,0.11598,0.43472,-0.43342,0.63745,-0.46565,
1669185263258861824,-0.76550,-0.85839,0.11296,0.42892,-0.41514,0.65068,-0.46936,
1669185263358766592,-0.79151,-0.87895,0.12522,0.41493,-0.39970,0.65638,-0.48706,
1669185263458671872,-0.81273,-0.89829,0.14606,0.40770,-0.38272,0.65452,-0.50883,
1669185263558575872,-0.82711,-0.91428,0.16821,0.39428,-0.36447,0.65827,-0.52763,
1669185263658476800,-0.83566,-0.92906,0.18950,0.37987,-0.34212,0.66957,-0.53882,
1669185263758383872,-0.84166,-0.94581,0.21324,0.34755,-0.32903,0.69129,-0.54136,
1669185263858289152,-0.84413,-0.96252,0.23996,0.31899,-0.31501,0.70585,-0.54844,
1669185263958195456,-0.84568,-0.97849,0.26627,0.29407,-0.29431,0.71845,-0.55743,
1669185264058100224,-0.84820,-0.99080,0.29321,0.27765,-0.26993,0.72434,-0.57042,
1669185264158005760,-0.85405,-0.99985,0.32301,0.26988,-0.24043,0.71968,-0.59280,
1669185264257909760,-0.85866,-1.00830,0.35623,0.26126,-0.21573,0.71448,-0.61214,
1669185264357814528,-0.87326,-1.01214,0.38833,0.24374,-0.19653,0.72386,-0.61481,
1669185264457718784,-0.88669,-1.02127,0.42215,0.24868,-0.18063,0.72864,-0.61206,
1669185264557621760,-0.91039,-1.03310,0.45179,0.24247,-0.16264,0.74181,-0.60372,
1669185264657525248,-0.93099,-1.05275,0.48456,0.22390,-0.15891,0.74846,-0.60368,
1669185264757427456,-0.94881,-1.06558,0.52368,0.20579,-0.15440,0.74522,-0.61519,
1669185264857334016,-0.97068,-1.08531,0.56072,0.19632,-0.14351,0.74649,-0.61937,
1669185264957244416,-0.99405,-1.10145,0.59072,0.17171,-0.12927,0.76040,-0.61285,
1669185265057153024,-1.01221,-1.11541,0.62025,0.15739,-0.12722,0.75999,-0.61762,
1669185265157062656,-1.02708,-1.12781,0.64061,0.14090,-0.12490,0.75793,-0.62457,
1669185265256971008,-1.04033,-1.13942,0.65302,0.12179,-0.11246,0.76993,-0.61621,
1669185265356879872,-1.04874,-1.14863,0.65971,0.11507,-0.09756,0.76431,-0.62695,
1669185265456787712,-1.05568,-1.14918,0.66137,0.10254,-0.07663,0.76036,-0.63676,
1669185265556696064,-1.05759,-1.14684,0.65541,0.08518,-0.05019,0.75809,-0.64461,
1669185265656604416,-1.05308,-1.14411,0.64146,0.07018,-0.01791,0.75713,-0.64924,
1669185265756511488,-1.04681,-1.14137,0.62072,0.04809,0.02778,0.76299,-0.64402,
1669185265856422400,-1.03558,-1.12280,0.60197,0.03062,0.06788,0.76215,-0.64311,
1669185265956336128,-1.03016,-1.12256,0.57373,0.01305,0.09821,0.76156,-0.64048,
1669185266056250112,-1.02761,-1.11612,0.54652,-0.00569,0.12593,0.76672,-0.62948,
1669185266156164352,-1.03061,-1.10476,0.51738,-0.02672,0.14769,0.76520,-0.62605,
1669185266256077056,-1.02942,-1.09186,0.49213,-0.04242,0.15728,0.76065,-0.62839,
1669185266355990528,-1.03773,-1.08231,0.46695,-0.05846,0.16507,0.75651,-0.63010,
1669185266455903232,-1.04756,-1.06896,0.43914,-0.06880,0.17547,0.75407,-0.62917,
1669185266555816704,-1.06199,-1.05760,0.41348,-0.07768,0.18240,0.75323,-0.62717,
1669185266655728896,-1.08015,-1.04602,0.38462,-0.08081,0.18990,0.75755,-0.61929,
1669185266855552768,-1.10916,-1.02522,0.33363,-0.08263,0.20298,0.74949,-0.62469,
1669185266955460608,-1.11755,-1.00928,0.31211,-0.08446,0.22175,0.73776,-0.63198,
1669185267055368960,-1.12541,-0.99747,0.29216,-0.10555,0.23422,0.74009,-0.62151,
1669185267155275776,-1.13232,-0.98814,0.27409,-0.13337,0.24237,0.76946,-0.57568,
1669185267255183872,-1.13231,-0.97888,0.26451,-0.14658,0.25258,0.76484,-0.57423,
1669185267355090688,-1.13038,-0.97116,0.26080,-0.14799,0.27725,0.75615,-0.57400,
1669185267454997760,-1.12390,-0.96902,0.27214,-0.16258,0.30052,0.74977,-0.56666,
1669185267554904832,-1.11068,-0.96751,0.29940,-0.19128,0.31676,0.73761,-0.56481,
1669185267654810880,-1.09652,-0.96728,0.33462,-0.21299,0.32833,0.72019,-0.57285,
1669185267754717696,-1.08666,-0.96712,0.37023,-0.21463,0.34760,0.70683,-0.57749,
1669185267854622720,-1.08201,-0.96355,0.40135,-0.21227,0.37099,0.69681,-0.57599,
1669185267954528768,-1.08048,-0.95569,0.43142,-0.20192,0.38196,0.68696,-0.58431,
1669185268054434304,-1.07796,-0.93950,0.46471,-0.21595,0.38527,0.67424,-0.59189,
1669185268154338560,-1.08267,-0.91411,0.49476,-0.22819,0.40451,0.66932,-0.57992,
1669185268254243584,-1.07801,-0.88919,0.52924,-0.24624,0.40666,0.65556,-0.58671,
1669185268354147072,-1.07994,-0.85834,0.55866,-0.26377,0.40359,0.64873,-0.58881,
1669185268454051584,-1.07884,-0.82357,0.58347,-0.27996,0.40897,0.64628,-0.58024,
1669185268553954560,-1.07874,-0.78629,0.60444,-0.29894,0.41835,0.64535,-0.56492,
1669185268653858304,-1.07616,-0.75260,0.62273,-0.31436,0.42061,0.64514,-0.55503,
1669185268753761536,-1.07257,-0.71674,0.63913,-0.32790,0.42562,0.64278,-0.54604,
1669185268853664000,-1.06631,-0.67778,0.64576,-0.34382,0.43972,0.63195,-0.53766,
1669185268953567744,-1.05912,-0.63561,0.64314,-0.35988,0.45769,0.61717,-0.52925,
1669185269053469952,-1.04510,-0.59114,0.62907,-0.37992,0.48434,0.59789,-0.51342,
1669185269153372672,-1.03694,-0.55236,0.61126,-0.38764,0.50854,0.58795,-0.49542,
1669185269253275392,-1.02985,-0.51922,0.59069,-0.39475,0.53583,0.58145,-0.46795,
1669185269353176320,-1.01992,-0.48241,0.57395,-0.40215,0.54880,0.57145,-0.45884,
1669185269453077760,-1.00676,-0.44673,0.55704,-0.41391,0.55731,0.55728,-0.45554,
1669185269552977920,-0.99230,-0.41145,0.53893,-0.41783,0.57232,0.54363,-0.44983,
1669185269652879104,-0.97630,-0.37885,0.52346,-0.42493,0.57273,0.52896,-0.46002,
1669185269752777984,-0.96009,-0.34834,0.50719,-0.43564,0.57081,0.51573,-0.46735,
1669185269852679680,-0.94436,-0.32048,0.48889,-0.43979,0.57974,0.50626,-0.46281,
1669185269952583168,-0.93046,-0.29720,0.47045,-0.43999,0.58691,0.50005,-0.46032,
1669185270152387328,-0.91486,-0.29001,0.44529,-0.44646,0.56428,0.49171,-0.49039,
1669185270252288256,-0.91879,-0.30073,0.43628,-0.44428,0.54994,0.49912,-0.50106,
1669185270352189952,-0.92817,-0.32106,0.42970,-0.44384,0.53981,0.50927,-0.50225,
1669185270452090880,-0.94349,-0.35318,0.42595,-0.44234,0.52068,0.51721,-0.51548,
1669185270551991040,-0.96430,-0.39145,0.42179,-0.43765,0.51324,0.53085,-0.51307,
1669185270651891200,-0.98726,-0.43567,0.42049,-0.41646,0.51055,0.54776,-0.51562,
1669185270751790080,-1.00461,-0.48575,0.42362,-0.40019,0.49282,0.56425,-0.52782,
1669185270851694336,-1.01517,-0.53877,0.43001,-0.38822,0.46754,0.57823,-0.54438,
1669185270951605504,-1.02116,-0.59415,0.43776,-0.37575,0.44380,0.59770,-0.55192,
1669185271051517184,-1.02700,-0.64955,0.44813,-0.36201,0.41652,0.61325,-0.56514,
1669185271151428864,-1.02806,-0.70679,0.45955,-0.34613,0.37978,0.61963,-0.59331,
1669185271251339776,-1.02436,-0.75771,0.46575,-0.31983,0.35776,0.63013,-0.61045,
1669185271351250688,-1.02444,-0.80627,0.46880,-0.29736,0.35400,0.64446,-0.60904,
1669185271451160576,-1.01689,-0.84831,0.47083,-0.28374,0.34688,0.64657,-0.61735,
1669185271750891520,-0.98415,-0.95060,0.48156,-0.29266,0.37368,0.63319,-0.61137,
1669185271850826240,-0.97500,-0.96748,0.48528,-0.30537,0.39192,0.62597,-0.60109,
1669185271950801152,-0.97020,-0.98105,0.48968,-0.31363,0.40127,0.61202,-0.60502,
1669185272050777856,-0.96837,-0.99217,0.49108,-0.32144,0.42759,0.61275,-0.58170,
1669185272150754816,-0.96450,-1.00180,0.49184,-0.32645,0.44799,0.61190,-0.56419,
1669185272250733312,-0.96184,-1.01112,0.48956,-0.33665,0.46481,0.60198,-0.55519,
1669185272350713344,-0.95822,-1.01889,0.48708,-0.34598,0.48424,0.59728,-0.53765,
1669185272550674688,-0.94675,-1.04180,0.48571,-0.31677,0.46338,0.60865,-0.56078,
1669185272650656000,-0.94577,-1.06438,0.48865,-0.27019,0.40154,0.64163,-0.59503,
1669185272750639872,-0.94245,-1.07908,0.49292,-0.22666,0.33778,0.66606,-0.62521,
1669185272850597376,-0.93843,-1.08825,0.49739,-0.18645,0.27892,0.68682,-0.64476,
1669185272950503936,-0.93935,-1.09837,0.50115,-0.15883,0.23515,0.71848,-0.63504,
1669185273050409728,-0.93558,-1.10202,0.50778,-0.12542,0.18537,0.73594,-0.63898,
1669185273150314496,-0.92932,-1.10199,0.51694,-0.09560,0.13195,0.74103,-0.65141,
1669185273250219520,-0.92863,-1.10259,0.52411,-0.06160,0.08185,0.74965,-0.65385,
1669185273350123520,-0.92127,-1.10048,0.53143,-0.03390,0.03325,0.75624,-0.65257,
1669185273450028032,-0.91393,-1.09224,0.53841,-0.00658,-0.01194,0.75425,-0.65645,
1669185273549931520,-0.90991,-1.07805,0.54474,0.00288,-0.03534,0.74882,-0.66182,
1669185273749737216,-0.93023,-1.03526,0.55910,-0.00985,0.00251,0.74800,-0.66362,
1669185273849652992,-0.95056,-1.01148,0.56653,-0.03036,0.05546,0.75861,-0.64847,
1669185273949605888,-0.97461,-0.98533,0.57307,-0.04151,0.10075,0.76429,-0.63560,
1669185274049559296,-0.99208,-0.96584,0.58941,-0.05365,0.13097,0.76725,-0.62553,
1669185274149515264,-1.00728,-0.94899,0.60681,-0.07124,0.15013,0.76442,-0.62294,
1669185274249472512,-1.01488,-0.93029,0.62551,-0.07309,0.16037,0.75815,-0.62782,
1669185274349430272,-1.02418,-0.92598,0.64602,-0.07473,0.15405,0.74887,-0.64021,
1669185274449390592,-1.02397,-0.92120,0.66826,-0.08640,0.15436,0.74545,-0.64266,
1669185274549351424,-1.02051,-0.91910,0.69006,-0.09664,0.14452,0.73906,-0.65082,
1669185274649314560,-1.01774,-0.92627,0.70737,-0.10679,0.13446,0.73091,-0.66052,
1669185274849229568,-1.00843,-0.91446,0.73280,-0.11802,0.12856,0.71252,-0.67960,
1669185274949142784,-1.00273,-0.91398,0.73027,-0.12672,0.13242,0.69824,-0.69200,
1669185275049054208,-1.00110,-0.91610,0.71731,-0.13782,0.15230,0.69462,-0.68943,
1669185275148966912,-1.00161,-0.92093,0.69870,-0.13633,0.16956,0.69598,-0.68431,
1669185275248878848,-1.00472,-0.93001,0.67898,-0.13440,0.18400,0.69623,-0.68069,
1669185275348791552,-1.00663,-0.94529,0.65889,-0.13554,0.19611,0.69490,-0.67844,
1669185275548615680,-1.00765,-0.98986,0.61643,-0.12751,0.22039,0.69339,-0.67408,
1669185275848352000,-0.99589,-1.07099,0.55935,0.11655,-0.25295,-0.67433,0.68390,
1669185276048173568,-0.98961,-1.13515,0.53210,0.12386,-0.27377,-0.66008,0.68848,
1669185276148084736,-0.99121,-1.17377,0.51973,0.13502,-0.28411,-0.65879,0.68341,
1669185276347905024,-0.99952,-1.24857,0.49873,0.14205,-0.29761,-0.65370,0.68113,
1669185276547724032,-1.01462,-1.32917,0.47653,0.13649,-0.28890,-0.66843,0.67165,
1669185276647633920,-1.02840,-1.36684,0.46318,-0.13172,0.28238,0.68429,-0.65929,
1669185276747542272,-1.04665,-1.39961,0.44840,-0.12568,0.27715,0.70304,-0.64275,
1669185276847453952,-1.06837,-1.42271,0.43685,-0.11515,0.26202,0.72282,-0.62898,
1669185276947371008,-1.09404,-1.43697,0.42656,-0.11344,0.24540,0.74534,-0.60941,
1669185277047288832,-1.12244,-1.43707,0.42098,-0.11017,0.23165,0.76179,-0.59488,
1669185277247123200,-1.18197,-1.40701,0.42014,-0.09322,0.21071,0.76475,-0.60172,
1669185277347040768,-1.21551,-1.38521,0.42467,-0.06976,0.19102,0.76076,-0.61635,
1669185277446957568,-1.25167,-1.36387,0.42827,-0.06102,0.17838,0.76968,-0.60996,
1669185277546874880,-1.28625,-1.34088,0.42912,-0.05535,0.16213,0.78386,-0.59684,
1669185277646791168,-1.32073,-1.31384,0.42723,-0.04446,0.15437,0.79380,-0.58658,
1669185277746708736,-1.35146,-1.28235,0.42439,-0.03407,0.15157,0.80081,-0.57841,
1669185277946563328,-1.39525,-1.21971,0.42045,-0.00451,0.13704,0.79564,-0.59005,
1669185278046501120,-1.40644,-1.18222,0.42177,0.01262,0.11276,0.78828,-0.60476,
1669185278246377472,-1.43092,-1.11469,0.42453,0.03560,0.09988,0.78328,-0.61256,
1669185278346315776,-1.43716,-1.07924,0.42594,0.06125,0.09210,0.77758,-0.61898,
1669185278446255616,-1.43874,-1.04979,0.42523,0.07985,0.08347,0.77681,-0.61905,
1669185278646135808,-1.44478,-0.98031,0.42783,0.08817,0.06634,0.76965,-0.62886,
1669185278746076928,-1.44752,-0.93893,0.43280,0.08428,0.06347,0.75990,-0.64142,
1669185278945925888,-1.44898,-0.86946,0.43175,0.09526,0.06007,0.76029,-0.63974,
1669185279045839360,-1.44352,-0.83063,0.43435,0.09628,0.04860,0.74995,-0.65264,
1669185279145753600,-1.43619,-0.79149,0.43876,0.08561,0.03936,0.73843,-0.66772,
1669185279245667584,-1.43019,-0.76089,0.44062,0.06996,0.04867,0.73707,-0.67042,
1669185279345580544,-1.42521,-0.72815,0.43723,0.06033,0.07337,0.74629,-0.65881,
1669185279445494528,-1.41975,-0.70349,0.42954,0.04772,0.10638,0.75759,-0.64224,
1669185279545406976,-1.41274,-0.67571,0.41735,0.04287,0.15008,0.76577,-0.62389,
1669185279645320704,-1.40313,-0.65789,0.40507,0.03863,0.18897,0.76904,-0.60941,
1669185279745233408,-1.39218,-0.63994,0.39426,0.03364,0.22577,0.76960,-0.59633,
1669185279845145088,-1.37752,-0.62197,0.38495,0.02715,0.25732,0.77003,-0.58319,
1669185279945053440,-1.36228,-0.60800,0.37969,0.01163,0.29011,0.76441,-0.57566,
1669185280044960256,-1.34638,-0.59420,0.37932,-0.01711,0.32232,0.75104,-0.57598,
1669185280144867840,-1.33441,-0.58286,0.38388,-0.05615,0.35250,0.73044,-0.58227,
1669185280244774144,-1.32406,-0.57454,0.39010,-0.09170,0.37454,0.70905,-0.59038,
1669185280344681472,-1.31524,-0.57461,0.39473,-0.12240,0.39486,0.68661,-0.59806,
1669185280444588288,-1.30765,-0.57859,0.39567,-0.15574,0.43035,0.67011,-0.58437,
1669185280544493312,-1.29943,-0.58571,0.40131,-0.19561,0.45891,0.64683,-0.57684,
1669185280644399616,-1.28865,-0.60092,0.41182,-0.23760,0.46060,0.61607,-0.59317,
1669185280744304384,-1.27752,-0.62363,0.41895,0.26892,-0.46332,-0.59623,0.59794,
1669185280844211968,-1.26670,-0.65298,0.42245,0.28195,-0.46583,-0.58761,0.59852,
1669185281044084992,-1.24536,-0.72669,0.42696,0.30007,-0.45985,-0.57769,0.60396,
1669185281144021248,-1.23147,-0.76892,0.43157,0.30185,-0.44937,-0.57395,0.61444,
1669185281243956480,-1.21737,-0.81566,0.43544,0.29521,-0.43495,-0.57918,0.62306,
1669185281343893248,-1.21073,-0.85863,0.43558,0.27920,-0.42098,-0.58890,0.63088,
1669185281443829248,-1.20349,-0.90384,0.43494,0.25991,-0.40479,-0.60089,0.63838,
1669185281543766272,-1.19447,-0.94763,0.43417,0.23977,-0.38708,-0.61472,0.64405,
1669185281643704064,-1.18938,-0.99152,0.43066,0.21665,-0.37184,-0.62569,0.65063,
1669185281843577088,-1.17177,-1.07142,0.42010,0.17586,-0.34419,-0.64642,0.65783,
1669185282043400704,-1.15383,-1.14036,0.41322,-0.12981,0.30535,0.68174,-0.65203,
1669185282143313152,-1.13896,-1.17620,0.41251,-0.10464,0.26918,0.68580,-0.66803,
1669185282243226368,-1.12746,-1.20938,0.41026,-0.07801,0.23154,0.70098,-0.67002,
1669185282343139072,-1.11443,-1.24318,0.40764,-0.04790,0.19881,0.71881,-0.66445,
1669185282443051008,-1.10144,-1.26736,0.40766,-0.00938,0.16940,0.71933,-0.67363,
1669185282542963456,-1.08727,-1.28718,0.40847,0.02582,0.13619,0.71682,-0.68334,
1669185282642875136,-1.07541,-1.30234,0.40800,0.05241,0.11330,0.72153,-0.68104,
1669185282742787584,-1.06396,-1.31541,0.40638,0.08200,0.08700,0.72918,-0.67379,
1669185282842700800,-1.05162,-1.32578,0.40597,0.11560,0.05476,0.73237,-0.66879,
1669185282942604544,-1.04012,-1.33708,0.40316,0.13209,0.01864,0.74895,-0.64906,
1669185283042510592,-1.02217,-1.35440,0.40235,0.15690,-0.02117,0.75738,-0.63348,
1669185283142415104,-0.99537,-1.35807,0.40051,0.17692,-0.06873,0.75862,-0.62327,
1669185283242320384,-0.96052,-1.35531,0.39867,0.20395,-0.10499,0.75138,-0.61871,
1669185283342224128,-0.92202,-1.35539,0.40254,0.23483,-0.12918,0.73617,-0.62147,
1669185283442128640,-0.88250,-1.35617,0.41003,0.26244,-0.15245,0.71589,-0.62879,
1669185283542032640,-0.84452,-1.35768,0.41921,0.28832,-0.17504,0.69543,-0.63452,
1669185283641935616,-0.80678,-1.35814,0.42546,0.29934,-0.19186,0.68524,-0.63564,
1669185283741839104,-0.76743,-1.37620,0.42779,0.29916,-0.20367,0.68397,-0.63341,
1669185283841742592,-0.74444,-1.37301,0.43378,0.30121,-0.22163,0.67479,-0.63624,
1669185283941644800,-0.72297,-1.36716,0.44035,0.30367,-0.24245,0.66466,-0.63815,
1669185284141449984,-0.68036,-1.36603,0.45676,0.31689,-0.27655,0.65900,-0.62355,
1669185284341253632,-0.62402,-1.36904,0.49274,0.33735,-0.30930,0.67320,-0.58080,
1669185284441155072,-0.60092,-1.36478,0.51888,0.34278,-0.33127,0.67385,-0.56452,
1669185284541055232,-0.58526,-1.35327,0.54799,0.35009,-0.35285,0.66663,-0.55546,
1669185284640955904,-0.57796,-1.34168,0.57886,0.35954,-0.36083,0.66406,-0.54732,
1669185284740855808,-0.57620,-1.33461,0.60599,0.36376,-0.36891,0.67725,-0.52241,
1669185284840755968,-0.57920,-1.32196,0.63537,0.37610,-0.38436,0.66215,-0.52189,
1669185284940657920,-0.58117,-1.30714,0.65885,0.40074,-0.38902,0.63566,-0.53291,
1669185285040559360,-0.57596,-1.29491,0.67350,0.41052,-0.40712,0.63418,-0.51336,
1669185285140461312,-0.56456,-1.27957,0.68874,0.41591,-0.42814,0.63078,-0.49582,
1669185285240361984,-0.55286,-1.26077,0.70769,0.43481,-0.44315,0.60664,-0.49654,
1669185285340262656,-0.53609,-1.24495,0.72851,0.45004,-0.45098,0.59118,-0.49456,
1669185285440163328,-0.51502,-1.23153,0.74795,0.44995,-0.46666,0.59081,-0.48033,
1669185285540062464,-0.49253,-1.22170,0.77127,0.44816,-0.48309,0.58839,-0.46859,
1669185285639962112,-0.47424,-1.21026,0.79593,0.45168,-0.49092,0.57586,-0.47261,
1669185285739860224,-0.46149,-1.19038,0.82517,0.46090,-0.49971,0.55645,-0.47773,
1669185285839759872,-0.44404,-1.17710,0.84804,0.46110,-0.51021,0.54382,-0.48097,
1669185285939662336,-0.42957,-1.16481,0.86925,0.46118,-0.51879,0.53622,-0.48024,
1669185286339266816,-0.38761,-1.10443,0.86233,0.47291,-0.50645,0.52560,-0.49357,
1669185286539066112,-0.36674,-1.07545,0.77871,0.46513,-0.48962,0.55311,-0.48784,
1669185286638965760,-0.36756,-1.05327,0.73478,0.46962,-0.49651,0.55217,-0.47754,
1669185286738863872,-0.36978,-1.02750,0.69725,0.49136,-0.50113,0.53290,-0.47271,
1669185286838763008,-0.37497,-1.00025,0.66143,0.50145,-0.50704,0.52434,-0.46532,
1669185286938668544,-0.38777,-0.97282,0.62807,0.52202,-0.50937,0.51276,-0.45289,
1669185287038574336,-0.39212,-0.94711,0.59494,0.54188,-0.52106,0.49911,-0.43099,
1669185287138480384,-0.40338,-0.91843,0.56661,0.55361,-0.53975,0.49025,-0.40230,
1669185287238384640,-0.41190,-0.88875,0.55104,0.58106,-0.55067,0.45954,-0.38465,
1669185287338289920,-0.42285,-0.85416,0.54144,0.60416,-0.56305,0.43098,-0.36362,
1669185287438193920,-0.43620,-0.81496,0.54130,0.62042,-0.57819,0.40128,-0.34606,
1669185287538098688,-0.44819,-0.77357,0.55031,0.63844,-0.59209,0.36584,-0.32860,
1669185287638001920,-0.45190,-0.73095,0.55847,0.64777,-0.60550,0.33870,-0.31471,
1669185287737905920,-0.46118,-0.68608,0.56797,0.66580,-0.61197,0.30805,-0.29547,
1669185287837809664,-0.47022,-0.63823,0.57545,0.68742,-0.61718,0.27178,-0.26960,
1669185287937753856,-0.46951,-0.58822,0.57516,0.68921,-0.63549,0.25267,-0.23940,
1669185288037699584,-0.47325,-0.54174,0.57320,0.68307,-0.65696,0.24035,-0.20989,
1669185288137645312,-0.46949,-0.49250,0.57127,0.68387,-0.67184,0.21737,-0.18360,
1669185288237592832,-0.46579,-0.44924,0.57271,0.69038,-0.67801,0.19366,-0.16178,
1669185288337542400,-0.46837,-0.40563,0.57458,0.70414,-0.67756,0.16320,-0.13589,
1669185288437491200,-0.46324,-0.36535,0.57807,0.71021,-0.67936,0.14247,-0.11734,
1669185288537442560,-0.45950,-0.32727,0.58191,0.71681,-0.67888,0.12221,-0.10184,
1669185288637393920,-0.45784,-0.29138,0.58673,0.72015,-0.68157,0.10099,-0.08160,
1669185288737347584,-0.46097,-0.25840,0.59115,0.72021,-0.68539,0.08733,-0.06249,
1669185288837301504,-0.46729,-0.23010,0.59895,0.72686,-0.68225,0.06652,-0.04227,
1669185288937216256,-0.47375,-0.20061,0.60458,0.73178,-0.68001,0.04284,-0.01555,
1669185289037131264,-0.47545,-0.16522,0.60569,0.72313,-0.69000,0.02975,0.00948,
1669185289137045504,-0.47767,-0.14313,0.60741,0.72324,-0.68950,0.01026,0.03756,
1669185289236960768,-0.47375,-0.12489,0.61306,0.74722,-0.66095,-0.00667,0.06908,
1669185289336874752,-0.46625,-0.10929,0.61476,0.74891,-0.65666,-0.01420,0.08790,
1669185289436789760,-0.45574,-0.08984,0.61278,0.72635,-0.68097,-0.01562,0.09196,
1669185289536703744,-0.44649,-0.07717,0.61229,0.72317,-0.68042,-0.02932,0.11487,
1669185289636618496,-0.43261,-0.07556,0.61236,0.72834,-0.66883,-0.04430,0.14221,
1669185289736533504,-0.41402,-0.07259,0.61272,0.72680,-0.66549,-0.05483,0.16087,
1669185289836447232,-0.39296,-0.07082,0.61104,0.71140,-0.68118,-0.06124,0.16170,
1669185289936362496,-0.37727,-0.07173,0.60503,0.68777,-0.70226,-0.07354,0.16848,
1669185290036276224,-0.36839,-0.07640,0.59689,0.66752,-0.71801,-0.07707,0.18149,
1669185290136191488,-0.36584,-0.07520,0.59099,0.65803,-0.72290,-0.07698,0.19618,
1669185290336019968,-0.36642,-0.08145,0.58474,0.66768,-0.71840,-0.06128,0.18535,
1669185290435934464,-0.37235,-0.08523,0.58140,0.66659,-0.72470,-0.04631,0.16826,
1669185290535848448,-0.38964,-0.08927,0.58297,0.66906,-0.72570,-0.03794,0.15580,
1669185290635762688,-0.41098,-0.09082,0.58172,0.66160,-0.73617,-0.02946,0.13951,
1669185290735676416,-0.43754,-0.08965,0.57967,0.65206,-0.74720,-0.02795,0.12541,
1669185290935502592,-0.48837,-0.08456,0.56904,0.65152,-0.74805,-0.03627,0.12098,
1669185291035412992,-0.50908,-0.08370,0.55646,0.64235,-0.75488,-0.03645,0.12734,
1669185291235234816,-0.52542,-0.08680,0.52608,0.63933,-0.75160,-0.03851,0.15773,
1669185291335145472,-0.52231,-0.09684,0.50811,0.65027,-0.73478,-0.04600,0.18743,
1669185291435056128,-0.51006,-0.10590,0.48813,0.64883,-0.72830,-0.05703,0.21295,
1669185291534965760,-0.49483,-0.11963,0.46798,0.64153,-0.72382,-0.08132,0.24066,
1669185291634875904,-0.47582,-0.13346,0.44957,0.62677,-0.72303,-0.11453,0.26697,
1669185291734785024,-0.44689,-0.14588,0.43202,0.61277,-0.72436,-0.13891,0.28376,
1669185291834695168,-0.41399,-0.15716,0.41339,0.59810,-0.73482,-0.15540,0.27957,
1669185291934609408,-0.38097,-0.16080,0.39659,0.58504,-0.74708,-0.16249,0.27055,
1669185292034524928,-0.35359,-0.15506,0.38239,0.57701,-0.75581,-0.17106,0.25795,
1669185292334269440,-0.29914,-0.08428,0.35033,0.59661,-0.74471,-0.17768,0.24060,
1669185292434183680,-0.26877,-0.04622,0.33287,0.62026,-0.73295,-0.16780,0.22340,
1669185292534098688,-0.23866,-0.01167,0.31244,0.62474,-0.73899,-0.15132,0.20173,
1669185292634012672,-0.20762,0.01508,0.29328,0.61843,-0.75383,-0.12767,0.18160,
1669185292733927424,-0.17557,0.02746,0.27886,0.62025,-0.76087,-0.09743,0.16397,
1669185292833842176,-0.14642,0.03102,0.26815,0.62840,-0.76062,-0.06988,0.14724,
1669185292933762560,-0.11621,0.02799,0.25530,0.62185,-0.77122,-0.03693,0.13100,
1669185293033683968,-0.09065,0.02072,0.24283,0.60978,-0.78380,-0.01048,0.11708,
1669185293133604864,-0.07015,0.01375,0.23471,0.60948,-0.78425,0.01243,0.11545,
1669185293233526784,-0.05167,0.00760,0.22931,0.61338,-0.77950,0.03337,0.12257,
1669185293333448448,-0.03805,0.00467,0.22755,0.61059,-0.78147,0.04851,0.11890,
1669185293433369344,-0.02892,0.00018,0.22922,0.59775,-0.79297,0.05322,0.10517,
1669185293533291520,-0.02298,-0.00512,0.23230,0.60605,-0.78600,0.05681,0.10809,
1669185293733134848,-0.01435,-0.02104,0.22967,0.59938,-0.78928,0.06277,0.11763,
1669185294133419776,0.00036,-0.07443,0.27299,0.63143,-0.76638,0.06144,0.10086,
1669185294333710080,-0.00336,-0.08669,0.29537,0.63021,-0.77023,0.03534,0.09129,
1669185294433861888,-0.00663,-0.09453,0.30643,0.63733,-0.76447,0.01562,0.09566,
1669185294534018560,-0.01135,-0.10325,0.31763,0.66005,-0.74263,-0.01523,0.11228,
1669185294634178048,-0.01371,-0.11596,0.32677,0.68714,-0.71400,-0.04373,0.12699,
1669185294734343168,-0.01260,-0.12787,0.33074,0.71214,-0.68754,-0.05836,0.12937,
1669185294834511104,-0.01109,-0.13909,0.33373,0.72056,-0.67761,-0.06802,0.13041,
1669185294934491648,-0.01008,-0.13715,0.32955,0.71194,-0.68613,-0.07371,0.13010,
1669185295134318336,-0.01000,-0.13882,0.32736,0.70148,-0.69571,-0.08435,0.12960,
1669185295334144000,-0.00913,-0.13461,0.32842,0.70447,-0.69078,-0.09747,0.13054,
1669185295434057216,-0.01043,-0.13546,0.33166,0.71627,-0.67791,-0.10635,0.12683,
1669185295533968896,-0.01237,-0.13861,0.33750,0.73354,-0.65916,-0.11338,0.12073,
1669185295633881600,-0.01151,-0.13360,0.33709,0.72730,-0.66762,-0.11338,0.11160,
1669185295933618432,-0.00971,-0.12536,0.33008,0.70930,-0.69111,-0.09835,0.09793,
1669185296033531392,-0.01419,-0.12762,0.33535,0.71519,-0.68310,-0.10764,0.10142,
1669185296133444864,-0.01419,-0.13209,0.33900,0.72869,-0.66765,-0.10770,0.10794,
1669185296333270016,-0.01658,-0.12425,0.33829,0.71458,-0.68515,-0.09499,0.10449,
1669185296433182720,-0.01419,-0.12006,0.33274,0.68451,-0.71820,-0.08432,0.09231,
1669185296533093888,-0.01640,-0.12054,0.33539,0.68613,-0.71491,-0.09028,0.09984,
1669185296633006080,-0.01567,-0.11303,0.32911,0.67700,-0.72564,-0.07565,0.09693,
1669185296732916992,-0.01773,-0.09526,0.31814,0.65093,-0.74836,-0.07053,0.10622,
1669185296832828160,-0.02786,-0.07472,0.30705,0.61610,-0.77360,-0.08406,0.12205,
1669185296932747520,-0.04057,-0.05631,0.30064,0.61020,-0.77293,-0.09641,0.14466,
1669185297265824768,-0.07471,-0.02191,0.27193,0.59117,-0.77469,-0.09159,0.20491,
1669185297432363008,-0.07481,-0.02576,0.25448,0.59623,-0.76890,-0.06240,0.22228,
1669185297532287232,-0.07481,-0.02829,0.24417,0.60356,-0.76030,-0.04583,0.23570,
1669185297732134912,-0.07889,-0.02164,0.22161,0.58575,-0.76654,-0.03412,0.26104,
1669185298331575040,-0.08313,-0.01578,0.20572,0.58305,-0.75954,-0.02667,0.28712,
1669185298897677056,-0.08804,-0.01597,0.19310,0.57654,-0.76000,-0.02327,0.29910,
1669185299663577856,-0.08050,-0.02138,0.19165,0.57935,-0.75927,-0.01515,0.29602,
1669185300705394688,-0.07481,-0.01746,0.18327,0.57374,-0.76453,-0.01930,0.29317,
1669185301074380032,-0.06790,-0.02154,0.18269,0.58162,-0.75948,-0.00973,0.29123,
1669185301473475584,-0.06970,-0.02541,0.17930,0.58996,-0.75141,-0.00328,0.29550,
1669185301739507456,-0.05954,-0.02933,0.14169,0.60071,-0.73891,0.02048,0.30453,
1669185301839262976,-0.05157,-0.03168,0.11554,0.61538,-0.72649,0.03963,0.30324,
1669185301939046144,-0.04194,-0.03329,0.08553,0.61274,-0.73014,0.05894,0.29662,
1669185302038827776,-0.03099,-0.03307,0.06045,0.60475,-0.73922,0.07260,0.28733,
1669185302138607104,-0.01989,-0.02993,0.04035,0.60899,-0.73610,0.08453,0.28310,
1669185302238381312,-0.00842,-0.02656,0.02120,0.61020,-0.73508,0.09801,0.27875,
1669185302304896000,-0.00092,-0.02405,0.00859,0.60827,-0.73578,0.10629,0.27809,
1669185302404665344,0.01050,-0.01985,-0.00748,0.60327,-0.73969,0.11632,0.27458,
1669185302504430336,0.02323,-0.01830,-0.01855,0.60112,-0.74161,0.12625,0.26969,
1669185302604192512,0.03640,-0.01979,-0.02484,0.60621,-0.73804,0.13595,0.26329,
1669185302703950848,0.04504,-0.01869,-0.03003,0.60454,-0.73991,0.14389,0.25760,
1669185302803704832,0.05054,-0.01708,-0.03444,0.60270,-0.74118,0.14983,0.25488,
1669185303069745408,0.05985,-0.01435,-0.04389,0.59726,-0.74332,0.15834,0.25630,
1669185303269288704,0.06543,-0.01633,-0.04951,0.59541,-0.74327,0.16546,0.25622,
1669185303568574464,0.06632,-0.01606,-0.05494,0.58976,-0.74717,0.16657,0.25723,
1669185303934340352,0.06308,-0.01606,-0.05838,0.58441,-0.75269,0.16468,0.25458,
1669185304133891328,0.06487,-0.01553,-0.06255,0.57845,-0.76444,0.16192,0.23411,
1669185304233667584,0.06747,-0.01414,-0.06015,0.58392,-0.76885,0.15382,0.21036,
1669185304333439488,0.07101,-0.01059,-0.05661,0.58838,-0.77304,0.14654,0.18641,
1669185304499719680,0.06376,-0.00950,-0.05241,0.59923,-0.77451,0.13125,0.15441,
1669185304699241984,0.06184,-0.01541,-0.04887,0.61032,-0.77115,0.12866,0.12761,
1669185304798998272,0.06343,-0.02201,-0.05134,0.61882,-0.76329,0.13893,0.12308,
1669185305164819456,0.06160,-0.02463,-0.05793,0.61175,-0.76579,0.14631,0.13388,
1669185305364360192,0.05820,-0.02101,-0.05976,0.60383,-0.77227,0.14130,0.13794,
1669185306229033728,0.05441,-0.01946,-0.06135,0.59969,-0.77390,0.14249,0.14545,
